,caption,commentsCount,likesCount,mentions0,mentions1,mentions2,mentions3,mentions4,mentions5,mentions6,timestamp,type,videoDuration,videoPlayCount,videoViewCount
0,rhode booth takes london thank everyone came today,273,18639,,,,,,,,2024-07-27T19:44:32.000Z,Video,47.566,436615.0,86283.0
1,curated intentional essential edited collection high performance essentials designed used every day dreamy textures meet efficacious formulas natural touches color nourished barrier glaze glow find go rhodeskincom,300,94714,,,,,,,,2024-07-29T16:31:04.000Z,Image,,,
2,sun care long days sun leave skin feeling fragile irritated dehydrated skincare essentials packed gentle yet efficacious ingredients nourished barrier juicy glow formulated ceramides niacinamide shea butter give skin needs feel replenished refreshed get summer essentials rhode kit rhodeskincom,134,14710,,,,,,,,2024-07-24T16:29:43.000Z,Sidecar,,,
3,rhode combos monochromatic coral look ft pocket blush spicy marg peptide lip tint guava spritz ,108,26905,@gaciavtn,,,,,,,2024-07-28T15:47:01.000Z,Sidecar,,,
4,tasty melty glowy,954,48014,,,,,,,,2024-07-25T16:00:28.000Z,Video,8.6,915762.0,214347.0
5,little treat see tomorrow 9am pt ,864,98644,,,,,,,,2024-07-31T16:02:08.000Z,Image,,,
6,rhode postcard greetings saint tropez destination french riviera temp 31°c/87°f aroma salty coastal breeze best bites strawberry sorbet skin pocket blush freckle rhode essentials ,116,29848,@maria.calvet,,,,,,,2024-07-30T16:05:48.000Z,Sidecar,,,
7,peach pocket go matching lip case peptide lip tint peach pit pocket blush freckle ,156,14251,@barbara_ines,,,,,,,2024-07-26T16:01:01.000Z,Video,21.566,357671.0,72446.0
8,splash coral pocket blush spicy marg peptide lip tint guava spritz summer lip case guava spritz,206,70603,,,,,,,,2024-07-23T16:00:48.000Z,Sidecar,,,
9,blush 3 ways designed pocket blush easy apply whatever tool like  shows us tap fingers sweep brush bounce blender using shades freckle juice box sleepy girl ,187,32022,@manthony783,,,,,,,2024-07-21T16:00:55.000Z,Sidecar,,,
10,surprise sprinkle nyc pop exclusive blush got much love bringing pocket blush shade sprinkle pearlescent warm pink glow limited supply little bit left rhodeskincom,797,76959,,,,,,,,2024-08-01T16:01:08.000Z,Sidecar,,,
11,rhode glam coral look summer night prep press glazing milk hydrated makeup base glaze mix peptide glazing fluid foundation extra glow flush pocket blush spicy marg toasted teddy gradient effect tint swipe peptide lip tint guava spritz glossy coral finish,106,11078,@kendalldair,,,,,,,2024-07-22T16:22:36.000Z,Video,47.066,348650.0,83560.0
12,peptide lip tints sheer buildable formula melts onto lips nourishing hydration hint tint available core limited edition shades core shades espresso rich brown toast rose taupe ribbon sheer pink raspberry jelly crushed berry limited edition summer shades salty tan soft mauve shortcake baby pink guava spritz bright coral peach pit neutral peach collect rhodeskincom,372,81060,,,,,,,,2024-07-20T16:01:15.000Z,Sidecar,,,
13,rhode à la plage ps forget wear spf,351,54886,,,,,,,,2024-07-18T16:03:00.000Z,Sidecar,,,
14,sun kissed sleepy salty,168,37746,,,,,,,,2024-07-11T16:08:06.000Z,Sidecar,,,
15,shades summer ,358,59081,,,,,,,,2024-07-12T16:01:01.000Z,Video,4.233,1175876.0,267721.0
16,everyday essentials rhode philosophy make one everything really good us means collection intentional high performance essentials reach everyday ones love rely always come back ultimate barrier nourishment tint glow,175,28387,,,,,,,,2024-07-13T16:01:41.000Z,Sidecar,,,
17,rhode postcard greetings sweden destination swedish west coast temp 23℃/75℉ best bites strawberry shortcake fave view sunset boat aroma fresh strawberries cream skin pocket blush sleepy girl rhode essentials ,281,40457,@matildadjerf,,,,,,,2024-07-16T16:41:24.000Z,Sidecar,,,
18,toasted teddy tricks toasted teddy designed multitask routine use ways one 3 favorite techniques worn best get ready teddy rhodeskincom,244,35256,,,,,,,,2024-07-17T17:02:04.000Z,Video,44.366,881406.0,246216.0
19,double duty duos combine paired shades pocket blush limited edition peptide lip tints effortless monochromatic look peach duo freckle peach pit mauve duo sleepy girl salty tan pink duo piggy shortcake coral duo spicy marg guava spritz rhodeskincom,235,31543,,,,,,,,2024-07-10T16:05:45.000Z,Sidecar,,,
20,favorite flush spent years developing go cream blush make sure checked boxes reasons love pocket blush pick rhodeskincom,199,39391,,,,,,,,2024-07-19T16:01:16.000Z,Sidecar,,,
21,summer rhode,367,95623,,,,,,,,2024-07-09T16:02:11.000Z,Image,,,
22,dewy skin glowy cheeks step 1 skin prep hydrated glowy base glazing milk peptide glazing fluid brc step 2 lightweight base makeup foundation concealer step 3 apply toasted teddy outer parts cheeks towards temples step 4 add sleepy girl apples cheeks center lips step 5 blend everything marry shades together,182,12889,@cherishbrookehill,,,,,,,2024-07-14T16:02:32.000Z,Sidecar,,,
23,toasty bronze terracotta blush perfect everyday pocket blush shade toasted teddy wakes cheeks satiny hydrating flush color available rhodeskincom,321,68956,,,,,,,,2024-06-30T16:00:43.000Z,Image,,,
24,sweet dreams wears pocket blush shade sleepy girl ,218,22026,@jastookes,,,,,,,2024-07-08T15:59:48.000Z,Sidecar,,,
25,spicy marg summer,375,64315,,,,,,,,2024-07-04T16:01:10.000Z,Video,10.889,1131427.0,295173.0
26,little blush big city,660,135559,,,,,,,,2024-06-28T18:30:46.000Z,Sidecar,,,
27,bye bye nyc treat bring pocket sized pop thank much everyone came support excitement mean world us,262,19215,,,,,,,,2024-07-05T16:03:31.000Z,Video,48.966,455240.0,79598.0
28,fresh press,247,34149,,,,,,,,2024-07-07T15:59:42.000Z,Sidecar,,,
29,little tangy wears pocket blush shade spicy marg ,220,29731,@hoskelsa,,,,,,,2024-07-02T16:01:21.000Z,Sidecar,,,
30,first impressions pocket blush love feels super creamy blendable formula melts onto skin leaves satiny glowy finish looks like natural flush,306,20676,,,,,,,,2024-06-29T16:05:57.000Z,Video,50.549,1985630.0,383529.0
31,get flushed six shades pocket blush back including piggy freckle sleepy girl available individually set six rhodeskincom,544,95933,,,,,,,,2024-07-03T16:06:03.000Z,Sidecar,,,
32,peachy,221,93017,,,,,,,,2024-07-06T16:02:25.000Z,Sidecar,,,
33,come nyc pop open wednesday thank love support far chance stop little info  pocket blush summer peptide lip tints summer lip cases core skincare sprinkle limited edition shade pocket blush open july 3rd 11am 7pm daily 127 greene st new york ny 10012,460,68272,,,,,,,,2024-07-01T16:00:01.000Z,Sidecar,,,
34,little sunset look  pocket blush piggy apples cheeks spicy marg higher cheekbones juice box temples,476,50884,@meredithduxbury,,,,,,,2024-06-27T18:36:43.000Z,Video,61.766,1245916.0,490224.0
35,rhode ingredients cupuaçu meet moisturizing ingredient rhode lips cupuaçu perfect hydrating sun soaked dry lips summer long find peptide lip tints treatments rhodeskincom,1182,83549,,,,,,,,2024-07-15T16:01:39.000Z,Image,,,
36,dreamy creamy pocket sized pocket blush arrived along summer peptide lip tints lip cases love satiny buildable color shade super buildable tap little lot—however like skin softening formula made peptides tamanu oil formula hydrates baby soft cheeks budge long wearing blush wakes cheeks stays day designed duos four summer pairings pocket blush new peptide lip tints full monochromatic look pocket rhodeskincom,1485,160258,,,,,,,,2024-06-20T16:02:49.000Z,Sidecar,,,
37,world rhode ft pocket blush collection edited essentials reach daily basis ones love rely always come back rhodeskincom,337,39013,,,,,,,,2024-06-26T17:42:03.000Z,Sidecar,,,
38,probably best blush formula ever tried pocket blush first impressions available rhodeskincom,465,36998,@mikaylajmakeup,,,,,,,2024-06-23T16:52:13.000Z,Video,84.666,2275788.0,472924.0
39,nyc blushing thank everyone stopped first day pocket sized pop,462,40457,,,,,,,,2024-06-25T15:48:06.000Z,Video,38.466,735794.0,178774.0
40,full look fits pocket created duos give juicy monochromatic look go pocket blush gives cheeks lips satiny diffused flush peptide lip tint melts onto lips sheer buildable color mauve duo sleepy girl salty tan coral duo spicy marg guava spritz pink duo piggy shortcake peach duo freckle peach pit join waitlist rhodeskincom,311,79743,,,,,,,,2024-06-18T16:03:24.000Z,Sidecar,,,
41,glaze city pocket sized pop opens nyc monday come get new rhode essentials  pocket blush summer peptide lip tints summer lip cases core skincare june 24th july 3rd 11am 7pm daily 127 greene st new york ny 10012,535,93213,,,,,,,,2024-06-22T16:02:03.000Z,Sidecar,,,
42,hot pink summer hb matching summer lip case peptide lip tint shade shortcake arriving june 20th 9am pt ,1542,313727,,,,,,,,2024-06-18T22:43:23.000Z,Sidecar,,,
43,bit bts saves pocket blush shoot    pocket blush summer peptide lip tints cases launch tomorrow june 20th 9am pt rhodeskincom,505,167258,@haileybieber,@alexconsani,@palomija,,,,,2024-06-19T19:23:41.000Z,Sidecar,,,
44,rhode night nyc toasting opening pocket sized pop today launch pocket blush wait see space pocket blush summer peptide lip tints summer lip cases core skincare sprinkle limited edition shade pocket blush june 24th july 3rd 11am 7pm daily 127 greene st new york ny 10012,801,164464,,,,,,,,2024-06-24T15:44:27.000Z,Sidecar,,,
45,shadow blushing 101 face blend toasted teddy cheeks forehead add pop piggy apples cheeks lips wash toasted teddy outer portion lips little bit piggy right center,173,26261,@makeupxka,,,,,,,2024-06-17T16:04:18.000Z,Video,86.233,770790.0,212837.0
46,four monochromatic summer looks  duos pink duo piggy shortcake coral duo spicy marg guava spritz peach duo freckle peach pit mauve duo sleepy girl salty tan pair new matching lip cases summer long available rhodeskincom,548,50202,@amayaancr,,,,,,,2024-06-21T16:18:51.000Z,Video,43.965,1285076.0,399572.0
47,pretty peach wears peach duo juicy matching lip cheek featuring pocket blush freckle peptide lip tint peach pit launching june 20th 9am pt,122,32390,@palomija,,,,,,,2024-06-17T18:01:49.000Z,Sidecar,,,
48,making pocket blush years making pocket blush almost wait get little flushed ,322,41376,,,,,,,,2024-06-12T17:04:38.000Z,Sidecar,,,
49, pocket blush review loves gives healthy looking glow pigmented easy blend melts evenly skin apply fingers brush perfect shades everyday works top powder,334,48379,@stxph.h,,,,,,,2024-06-13T17:20:29.000Z,Video,53.869,1436971.0,427842.0
50,put us pocket,134,48127,,,,,,,,2024-06-16T16:00:46.000Z,Image,,,
51,meet duos new summer lip tints designed pair pocket blush full monochromatic look available four color combos pink duo piggy shortcake peach duo freckle peach pit mauve duo sleepy girl salty tan coral duo spicy marg guava spritz glowy cheeks glossy lips go join waitlist rhodeskincom,375,77942,,,,,,,,2024-06-14T16:22:31.000Z,Sidecar,,,
52,blushing day long day night summer look ft pocket blush new peptide lip tints arriving june 20th 9am pt,111,14032,@bonitravo,,,,,,,2024-06-15T18:51:14.000Z,Video,82.337,498607.0,104452.0
53,six little swatches pocket blush coming june 20th 9am pt ,208,25164,@yhkayla,,,,,,,2024-06-12T18:08:59.000Z,Video,57.1,775985.0,214983.0
54,juicy summer tints introducing limited edition summer peptide lip tints designed pair pocket blush glowy monochromatic look packed high performance ingredients hydrate nourish plump subtle pop color available four sheer buildable shades shortcake baby pink peach pit neutral peach guava spritz bright coral salty tan soft mauve see june 20th 9am pt ,761,157904,,,,,,,,2024-06-14T16:10:49.000Z,Sidecar,,,
55,little blush takes big apple bringing pocket sized pop nyc month join us get rhode essentials irl  pocket blush summer peptide lip tints summer lip cases core skincare june 24th july 3rd 11am 7pm daily 127 greene st new york ny 10012 details rhodeskincom,314,50124,,,,,,,,2024-06-15T17:03:52.000Z,Sidecar,,,
56,ready teddy applies pocket blush shade toasted teddy glowy flush bronze terracotta hydrates skin baby soft cheeks get june 20th 9am pt ,106,15444,@palomija,,,,,,,2024-06-13T15:39:35.000Z,Video,6.766,490923.0,106602.0
57,make double wears coral duo featuring matching shades pocket blush spicy marg peptide lip tint guava spritz coming soon rhodeskincom,168,53978,@alexconsani,,,,,,,2024-06-16T23:09:17.000Z,Sidecar,,,
58,lip case got tinted bubble phone case coming four limited edition shades go new peptide lip tints match phone lips cheeks summer long guava spritz bright coral peach pit neutral peach shortcake baby pink salty tan soft mauve launching june 20th 9am pt,1620,174780,,,,,,,,2024-06-14T16:48:26.000Z,Sidecar,,,
59,sip hot pink wears pocket blush shade juice box launching june 20th 9am pt,328,67304,@alexconsani,,,,,,,2024-06-11T17:00:15.000Z,Sidecar,,,
60,itty bitty bits may ps working hard new things coming soon,1789,257316,,,,,,,,2024-06-04T16:23:27.000Z,Sidecar,,,
61,small enough fit pocket powerful enough wake cheeks pocket blush designed used go easy application dewy flushed glow use finger brush tap onto cheeks lips color buildable tap little lot—however like hb wears pocket blush shade piggy launching june 20th 9am pt,276,72065,,,,,,,,2024-06-11T16:02:46.000Z,Sidecar,,,
62,sweet salty silky smooth peptide lip treatment salted caramel back stock rhodeskincom,314,58646,,,,,,,,2024-06-08T16:00:53.000Z,Image,,,
63,go glow ,641,83085,@haileybieber,,,,,,,2024-06-03T16:23:04.000Z,Video,59.966,1461933.0,504004.0
64,six everyday shades pocket blush comes curated range six shades gives super natural flush color like woken nap spent bit much time sun juice box hot pink toasted teddy bronze terracotta spicy marg bright coral piggy baby pink sleepy girl soft mauve freckle neutral peach arriving june 20th 9am pt join waitlist rhodeskincom,1156,185294,,,,,,,,2024-06-10T16:10:54.000Z,Sidecar,,,
65,rhode press meet award winning products editors talking,338,46154,,,,,,,,2024-06-07T16:00:58.000Z,Sidecar,,,
66,tap tap tap got something exciting tell tomorrow ,666,58083,,,,,,,,2024-06-09T16:09:41.000Z,Sidecar,,,
67,’ blushing world rhode get know pocket blush good skin types feels like creamy lightweight texture melts smoothly looks like flush satiny buildable color made peptides tamanu oil fyi cruelty free vegan gluten free dermatologist tested developed get individually set six join waitlist rhodeskincom,383,86542,,,,,,,,2024-06-11T16:30:41.000Z,Sidecar,,,
68,little blush little flush ,1885,113396,,,,,,,,2024-06-10T15:07:38.000Z,Video,15.033,3351559.0,528023.0
69,shades summer,483,118576,,,,,,,,2024-06-06T16:00:58.000Z,Sidecar,,,
70,meet pocket blush new go cream blush arrives june 20th 9am pt pocket blush packs satiny buildable color creamy lightweight texture cute little compact stick skin softening formula melts onto cheeks lips glowy finish lasts day take everywhere juicy flush quick touch ups stick pocket throw purse tap cheeks lips join waitlist rhodeskincom,490,65226,,,,,,,,2024-06-10T16:01:20.000Z,Sidecar,,,
71,ask expert sun care summer skincare questions answered derm residence dr dhaval bhanusali weighs everything spf post sun recovery ,137,15681,,,,,,,,2024-06-05T16:00:31.000Z,Sidecar,,,
72,beach blanket essentials lip tints spf,196,82053,,,,,,,,2024-06-02T16:32:38.000Z,Sidecar,,,
73,rhode booth tour next stop miami rhode booth going tour summer stopping miami weekend come take pics get peptide lip tint june 1st & 2nd 12pm 8pm et miami design district 95 ne 40th st miami fl 33137,420,23042,,,,,,,,2024-05-30T16:10:57.000Z,Video,9.933,2065599.0,140881.0
74,rhode tastes like summer,219,61702,,,,,,,,2024-05-23T16:00:44.000Z,Sidecar,,,
75,happy summer pores pores get clogged pretty easily summer thick layers spf skin increased oil sweat production glazing milk gives lightweight hydration without contributing clog formula non comedogenic means include pore clogging ingredients ,123,19196,,,,,,,,2024-05-28T16:02:02.000Z,Image,,,
76,summer espresso wears peptide lip tint shade espresso cool swipe hydration glossy rich brown sheen ,101,18422,@ines_lblc,,,,,,,2024-05-26T16:01:21.000Z,Sidecar,,,
77,sun glazed salty summer skin duo,103,11904,,,,,,,,2024-05-24T15:59:27.000Z,Video,9.603,355007.0,75920.0
78,taste rhode summer,158,20096,,,,,,,,2024-05-27T16:01:32.000Z,Sidecar,,,
79,rhode unpacked essentials keep bubble bag glazing milk peptide glazing fluid barrier restore cream peptide lip tint shade raspberry jelly,111,15062,@clemdelacreeme,,,,,,,2024-05-29T16:01:11.000Z,Video,20.633,571567.0,180718.0
80,take us summer travel tips glazed skin takeoff landing ,132,27685,,,,,,,,2024-05-22T16:14:56.000Z,Sidecar,,,
81,rhode postcard greetings italy destination amalfi coast temp 26°c/79°f fave view positano boat best bites pizza bellinis aroma fresh lemons skin glaze vanilla plt send us postcards summer,157,55111,@carla_ginola,,,,,,,2024-05-25T16:04:27.000Z,Sidecar,,,
82, 4 step summer glow step 1 cleanse pineapple refresh leave skin clean bouncy step 2 prep hydrate dewy makeup base glazing milk glaze brc step 3 base makeup foundation concealer contour step 4 peptide lip tint shade ribbon soft pink finishing touch,111,14855,@amayaancr,,,,,,,2024-06-01T16:02:07.000Z,Sidecar,,,
83,rhode ingredients sea buckthorn oil meet secret ingredient gives pineapple refresh signature golden hue sea buckthorn oil provides beautiful color also packed moisturizing antioxidant properties nourish barrier cleanse ,72,20342,,,,,,,,2024-05-17T16:03:39.000Z,Image,,,
84,pineapple refresh reviews,113,17130,,,,,,,,2024-05-21T16:48:22.000Z,Sidecar,,,
85,generations rhode one biggest inspirations rhode hailey mom nana taught skincare early age diligent routines love head toe hydration helped shape approach creating efficacious nourishing essentials make step routine favorite tips passed years hydrate hydrate hydrate wear spf every day truly non negotiable forget moisturize body slather lotion head toe always wash makeup bed—no matter !,1040,218989,,,,,,,,2024-05-12T16:40:21.000Z,Image,,,
86,customize cleanse amount time cleanse pineapple refresh impacts much exfoliates skin longer lather pineapple enzyme time resurface skin exfoliating top layer reveal smoother looking skin underneath use two ways gentle exfoliation lather minute less rinsing deep exfoliation lather five minutes rinse thoroughly,208,28164,,,,,,,,2024-05-13T16:01:02.000Z,Image,,,
87,shades summer ,1118,156381,,,,,,,,2024-05-10T15:59:36.000Z,Sidecar,,,
88,summer skin loading…,335,66966,,,,,,,,2024-05-15T16:27:03.000Z,Sidecar,,,
89,rhode unpacked rhode kit comes bundled bubble bag perfectly sized hold essentials ,104,9014,,,,,,,,2024-05-20T16:01:23.000Z,Video,22.266,341950.0,80916.0
91,rhode close friends mother day weekend spent sunny day honolulu  chatting things skincare motherhood ,347,39466,@keliamoniz,@keliamoniz,,,,,,2024-05-11T16:01:37.000Z,Sidecar,,,
92,hb hydration routine 31000 feet peptide glazing fluid draw water face oil lasting moisture sheet mask seal swipe peptide lip treatment,960,291110,,,,,,,,2024-05-31T16:02:46.000Z,Video,50.666,5407117.0,1914098.0
93,meet summer skin duo glazing milk peptide glazing fluid ultimate combo get skin barrier shape summer  barrier boosting full essential building blocks barrier like ceramides peptides hyaluronic acid ultra hydrating rich humectants like glycerin marula oil draw water skin non sensitizing free ingredients like retinol chemical exfoliants increase sun sensitivity get prepped rhodeskincom,99,18613,,,,,,,,2024-05-19T16:01:40.000Z,Image,,,
94,rhode rinse repeat,131,60363,,,,,,,,2024-05-18T16:02:41.000Z,Sidecar,,,
95,rhode phonebook,186,33545,,,,,,,,2024-05-01T16:01:11.000Z,Sidecar,,,
96,chilled red peptide lip tint shade raspberry jelly gives lips burst refreshing hydration leaving glossy crushed berry finish ,294,111448,,,,,,,,2024-05-05T16:00:40.000Z,Image,,,
97,rich enough seal hydration lightweight enough hot sunny days brc combines powerful emollients like shea butter squalane antioxidant rich açai deliver hydrated smoother softer skin time cooling comforting cloud like moisture rhodeskincom,76,34458,,,,,,,,2024-04-30T16:01:11.000Z,Image,,,
98,rhode work come along little tour la office thank partners    ,402,46435,@maison_trouvaille,@arhaus,@everhem,@foromshop,@lightology,@poppin,@portolapaints,2024-04-29T16:30:56.000Z,Sidecar,,,
99,rhode booth takes la thank everyone stopped yesterday,335,35794,,,,,,,,2024-05-09T16:01:17.000Z,Video,37.533,626266.0,189131.0
100,rhode classics everyday every routine high performance multipurpose essentials designed used morning night applied solo skincare mixed makeup taken travels rhodeskincom,203,59634,,,,,,,,2024-05-04T16:02:00.000Z,Sidecar,,,
101,making rhode booth,293,43960,,,,,,,,2024-05-02T16:00:53.000Z,Sidecar,,,
102,squeeze swipe tint shine peptide lip tints back tomorrow including set four shades see 9am pt,257,93124,,,,,,,,2024-05-07T18:54:39.000Z,Sidecar,,,
103,multivitamin lips peptide lip tints back glossy wash color packed powerful nutrients support healthy lips long lasting hydration 5 essential fatty acids including linoleic acid oleic acid stearic acid hydrate lips seal moisture antioxidants like vitamins e help defend lips damage elements lauric acid babassu known support lip microbiome community microorganisms help keep barrier balanced get solo set rhodeskincom,304,82662,,,,,,,,2024-05-08T16:01:35.000Z,Image,,,
104,rhode rotation peptide lip tints return may 8th including set four shades join waitlist rhodeskincom,158,12600,,,,,,,,2024-05-03T16:02:26.000Z,Video,29.2,484709.0,142093.0
105,get ready  rhode skin prepped glazing milk glazing fluid barrier restore cream hydration glow lightweight makeup base subtle pop pink eyes swipe peptide lip tint shade ribbon sheer pink finish,115,14162,@kristinaamcnabb,,,,,,,2024-05-06T16:05:31.000Z,Video,44.86,548135.0,180275.0
106,rhode summer ready,166,32199,,,,,,,,2024-04-28T16:01:41.000Z,Sidecar,,,
107,post desert hydration hot temps dusty winds harsh barrier skincare essentials packed ceramides pga squalane give skin hydration nourishment craves ,136,38721,,,,,,,,2024-04-15T16:02:47.000Z,Image,,,
108,hb favorite things weekend peptide lip tint shades toast raspberry jelly taking pics rhode booth ‍ glow dark nails little something new,388,115356,,,,,,,,2024-04-16T16:02:11.000Z,Sidecar,,,
109,rhode ingredients beta glucan skin feeling irritated red seasonal allergies calming ingredient reach beta glucan known boost barrier function soothe hydrate skin find glazing milk nutrient rich essence,88,28745,,,,,,,,2024-04-21T15:58:50.000Z,Image,,,
110, gentle nourishing rhode kit routine,162,10286,@immbunny,,,,,,,2024-04-25T16:15:42.000Z,Video,79.233,419648.0,108201.0
111,’ listening,868,38131,,,,,,,,2024-04-23T16:03:44.000Z,Video,16.133,761066.0,182605.0
112,rhode repeat,286,111715,,,,,,,,2024-04-27T15:57:24.000Z,Image,,,
113,rhode line,155,46082,,,,,,,,2024-04-22T16:00:43.000Z,Sidecar,,,
114,pineapple refresh take waterproof sunscreen puts test uv camera formula contains pineapple enzyme gently exfoliate glycolipids mild surfactants help lift easily rinse away waterproof sunscreen makeup impurities surface skin,75,7317,@charlotteparler,,,,,,,2024-04-18T16:04:43.000Z,Video,76.0,400087.0,113858.0
115,rhode booth takes desert,240,31811,,,,,,,,2024-04-14T20:24:19.000Z,Video,31.7,611317.0,168654.0
116,serving rhode vanilla requested peptide lip treatment returned smells like sweet vanilla made perfect recipe peptides shea butter cupuaçu babassu soft supple lips dig rhodeskincom,382,56271,,,,,,,,2024-04-24T16:00:28.000Z,Image,,,
117,buttery layers peptide lip tint shade toast infused fatty acid rich shea butter buttery smooth pout ,207,71597,,,,,,,,2024-04-19T16:00:16.000Z,Image,,,
118,hb lip case bubble phone case hugs favorite rhode lip take everywhere day lip hydration available rhodeskincom,212,98279,,,,,,,,2024-04-26T16:36:04.000Z,Image,,,
119,rhode hotline hb carries lip case peptide lip tint shade toast ,136,68432,,,,,,,,2024-04-10T16:16:44.000Z,Image,,,
120, reaches rhode kit get barrier summer ready pineapple refresh gently exfoliates sweat spf impurities day glazing milk peptide glazing fluid hydrate boost skin barrier function brc provides lightweight moisture without clogging pores get summer essentials rhodeskincom,124,9490,@skincarewithyuri,,,,,,,2024-05-14T16:01:50.000Z,Video,59.566,378040.0,97732.0
121,weekend necessities,228,48982,,,,,,,,2024-04-12T16:00:29.000Z,Image,,,
122,cold brew peptide lip tint shade espresso glossy wash rich brown revives dry lips powerful hydration ,194,82719,,,,,,,,2024-04-13T14:54:09.000Z,Sidecar,,,
123,travel rhode,227,62974,,,,,,,,2024-04-03T16:02:26.000Z,Image,,,
124,made lip case lip tints 4 shades back raspberry jelly crushed berry toast rose taupe ribbon soft pink espresso rich brown text treat tint rhodeskincom,581,93016,,,,,,,,2024-04-09T16:00:10.000Z,Sidecar,,,
125,rhode booth take pics get lip tint headed desert weekend coming new stops soon,784,216350,,,,,,,,2024-04-13T17:30:21.000Z,Video,20.8,5418538.0,1380279.0
126,spring treats lip case lip tints back tomorrow see 9am pt,326,96677,,,,,,,,2024-04-08T16:13:34.000Z,Sidecar,,,
127,back season fresh batch peptide lip tints lip cases way see april 9th 9am pt join waitlist rhodeskincom,530,73449,,,,,,,,2024-04-04T16:02:09.000Z,Sidecar,,,
128,springtime makeup skin prep glazing milk glaze brc bright pop color eyes lip tint shade ribbon,111,15735,@alissajanay,,,,,,,2024-04-11T16:01:20.000Z,Video,50.933,537379.0,168845.0
129,lip tints powerful tint treatment one bursting good ingredients every squeeze shea butter hydrates 5 essential fatty acids peptides visibly plump reduce look fine lines cupuaçu improves suppleness dry lips babassu replenishes overall moisture 4 shades lip case coming back april 9th 9am pt ,311,74837,,,,,,,,2024-04-07T16:12:46.000Z,Image,,,
130,peptide swirl peptide lip tint shade ribbon icy wash pink replenishes moisture visibly plump pillowy soft lips back stock april 9th drink rhodeskincom,278,115148,,,,,,,,2024-04-05T16:01:32.000Z,Image,,,
131,rose taupe styles lip case peptide lip tint shade toast ,140,28000,@sarrjamois,,,,,,,2024-04-06T16:04:06.000Z,Sidecar,,,
132,tips tricks rhode kit mix pump two peptide glazing fluid foundation natural dewy finish add little dollop brc cream blush flush cheeks soft color blend glazing milk liquid highlighter pat décolleté glistening hydration get kit rhodeskincom,188,48627,@filomena_makeup,,,,,,,2024-03-27T16:53:36.000Z,Sidecar,,,
133,multitasking essentials fit seamlessly routine see uses rhode kit prep skin mix makeup pick kit rhodeskincom,91,10537,@yhkayla,,,,,,,2024-03-29T16:13:42.000Z,Video,57.0,386017.0,88781.0
134,little moments march,728,147113,,,,,,,,2024-04-02T16:42:04.000Z,Sidecar,,,
135,hug hydration skin barrier loving formulas provide essential hydration skin types find rhode kit bundled new bubble bag rhodeskincom,200,55094,,,,,,,,2024-03-25T16:01:40.000Z,Sidecar,,,
136,go bed brc rich recovery – antioxidant peptide powerhouse helps restore skin barrier seal entire skincare routine year round moisture – non comedogenic formula light enough soothe skin sunny days yet rich enough lock moisture winter hugs skin – cushiony cloud like cream melts onto skin cooling goodness multitasks mask – apply thick layer clean skin 15 mins wipe away excess reveal glowy makeup base rich cooling creamy goodness rhodeskincom,81,33924,,,,,,,,2024-03-30T16:01:39.000Z,Image,,,
137,signature step glazed skin reach peptide glazing fluid clinically proven hydration – use powerful peptide complex low medium high molecular weights hyaluronic acid ensure deep hydration dewy later instantly illuminates skin supports healthy looking skin barrier time unique texture – gel serum hybrid super lightweight quickly absorbs glaze many ways – locks hydration skincare routine mixes foundation glowy skin first finish splash rhode kit rhodeskincom,105,26077,,,,,,,,2024-03-28T16:00:22.000Z,Image,,,
138,right,142,15967,,,,,,,,2024-04-01T16:04:05.000Z,Video,11.781,422886.0,67344.0
140,wake glazing milk intensive nourishment rich ceramides beta glucan magnesium blend boost barrier function calm irritated skin refreshing feel smooth milky texture sinks glowy supple finish sensitive skin friendly formula non comedogenic seal acceptance national eczema association multitasks routine first skin prep step better product absorption provides dewy makeup look applied high points face soak rhode kit available rhodeskincom,189,59091,,,,,,,,2024-03-26T16:00:04.000Z,Image,,,
141,one kit endless glaze rhode kit features 4 multitasking skincare essentials designed used ways one reach morning evening makeup prep routines,162,20537,,,,,,,,2024-03-23T16:00:34.000Z,Sidecar,,,
142,first step routine goes long way love pineapple refresh two one cleanse easily rinses away spf makeup dirt gently exfoliating smoother looking skin beloved newer ingredients infused glycerin pga next gen hyaluronic acid keep skin hydrated cleanse unique lush texture silky golden balm melts foamy bubbles strip skin dry multitasks routine gentle enough morning cleansing potent enough wash makeup get rhode kit available rhodeskincom,99,32408,,,,,,,,2024-03-24T16:01:54.000Z,Image,,,
143,daily routine ft rhode kit cleanse pineapple refresh silky golden balm cleanses without stripping prep glazing milk milky essence calms soothes barrier glaze peptide glazing fluid gel serum glides effortlessly hydrate restore brc rich cushiony moisturizer cooling creamy moisture tried true essentials rhode bubble bag rhodeskincom,114,10479,,,,,,,,2024-03-22T16:00:59.000Z,Video,28.586,1327475.0,167549.0
144,gentle bubbles bouncy skin pineapple refresh unique balm lather texture leaves skin plump hydrated post rinse ,168,34091,,,,,,,,2024-03-10T16:01:20.000Z,Image,,,
145,something new arrives tomorrow,434,16979,,,,,,,,2024-03-20T16:11:34.000Z,Video,9.8,536221.0,89724.0
146,meet new classics rhode kit one everything really good hydrated glowy skin cleanser essence gel serum moisturizer bundled rhode bubble bag rhode create tried true skincare little something new formulas pair always beloved ingredients like glycerin shea butter newer ingredients like peptides next gen hyaluronic acid ultimate barrier nourishment product unique lush texture feels dreamy skin makes routine always look forward intentionally develop formulas multitask always find new ways use reach morning night use solo skincare mix makeup take travels get new classics rhode kit rhodeskincom,431,55202,,,,,,,,2024-03-21T20:44:58.000Z,Sidecar,,,
147,good base goes long way hydrated skin crucial long lasting makeup base glazing milk lightweight essence gives skin luminous hydration needs soak rhodeskincom,177,17842,,,,,,,,2024-03-15T15:38:41.000Z,Video,43.533,564270.0,191119.0
148,rhode care exfoliation head toe love exfoliation shedding dead skin always gently intentionally habits starting spring dry body brush exfoliates dead skin stimulates lymphatic flow smoother skin facial cleanser pineapple enzyme gentle exfoliant disrupt barrier safe daily use scalp scrub removes buildup oil look delicate formula abrasive ,160,17898,,,,,,,,2024-03-13T17:17:01.000Z,Sidecar,,,
149, 2 step skin prep rhode ceramides beta glucan glazing milk calm prep skin shea butter squalane brc soften skin lock hydration,167,20626,@isabellemathersx,,,,,,,2024-03-18T16:10:51.000Z,Video,49.333,576328.0,142355.0
150,business usual,530,119554,,,,,,,,2024-03-16T16:01:19.000Z,Sidecar,,,
151,little bag lots rhode,433,94888,,,,,,,,2024-03-12T16:03:46.000Z,Sidecar,,,
152,good service lip case back early april join waitlist rhodeskincom,209,31795,,,,,,,,2024-03-09T17:02:17.000Z,Sidecar,,,
153,creamy jelly milky rhode feels skin brc peptide glazing fluid glazing milk nurture skin lush textures soothing ingredients like shea butter marula oil ceramides ,282,49056,,,,,,,,2024-03-14T16:01:04.000Z,Sidecar,,,
154,hb five minute morning routine ft glazing milk peptide lip tint shade toast something special,880,232260,,,,,,,,2024-03-11T16:29:54.000Z,Video,43.033,5252718.0,2322619.0
155,rhode bloom,287,72066,,,,,,,,2024-03-19T16:55:08.000Z,Image,,,
156,get ready rhode pfw rhode product breakdown skin prep using glazing milk glaze brc swipe lip tint shade toast makeup ,234,32630,@ariana_greenblatt,@jentioseco,,,,,,2024-03-05T20:28:49.000Z,Video,37.366,1590608.0,232405.0
157,soak glazing milk essential prep step everyday routine packed nutrient rich clinically proven ingredients like ceramides beta glucan prep skin better product absorption help calm soothe irritated skin provide day hydration boost barrier function give instant luminous glow,193,46347,,,,,,,,2024-03-06T18:11:24.000Z,Image,,,
158,rhode ingredients glycerin go ingredient hydration barrier support day night find pineapple refresh glazing milk peptide glazing fluid brc ,150,45083,,,,,,,,2024-03-03T17:04:03.000Z,Image,,,
159,never lose lip lip case lip tints 4 core colors ribbon soft pink toast rose taupe espresso rich brown raspberry jelly crushed berry available rhodeskincom,1434,86666,,,,,,,,2024-02-27T17:00:10.000Z,Image,,,
160,thanks lip case love first drop sold taking pre orders rhode reserve pre order lip case today make sure get one soon available early april ps rhode reserve open limited time rhodeskincom,603,59726,,,,,,,,2024-02-28T17:21:06.000Z,Image,,,
161,espresso roast rich brown lip tint shade perfect late nights morning cup available rhodeskincom,285,109468,,,,,,,,2024-02-29T15:59:13.000Z,Sidecar,,,
162,february wrap,229,88807,,,,,,,,2024-03-01T17:25:56.000Z,Sidecar,,,
163,key perfect makeup base hydration  skin prep routine finishing touches rhode glazing milk glaze brc  lip tint shade toast,134,12314,@namislaurabettina,,,,,,,2024-03-08T19:07:06.000Z,Video,19.733,462838.0,128974.0
164,post cleanse glow rinses pineapple refresh cleanser,318,13005,@mikaylajmakeup,,,,,,,2024-03-04T16:56:24.000Z,Video,55.6,603220.0,184036.0
165,pick phone set reminder tomorrow february 27th 9am pt lip case lip tint restock go live rhodeskincom,416,74072,,,,,,,,2024-02-26T18:18:31.000Z,Sidecar,,,
166,barrier care starts skin feeling red irritated dry likely sign barrier needs love three skincare essentials nourish barrier glazed dewy skin essential prep step glazing milk dewy hydration layer peptide glazing fluid rich recovery layer barrier restore cream,128,16471,,,,,,,,2024-03-02T17:05:54.000Z,Sidecar,,,
167,juicy red peptide lip tint shade raspberry jelly sheer buildable color melts onto lips crushed berry finish back stock february 27th rhodeskincom,565,194101,,,,,,,,2024-02-15T17:05:57.000Z,Sidecar,,,
168,text treat tint go lip case lip tints coming february 27th 9am pt ,233,37656,,,,,,,,2024-02-25T17:21:40.000Z,Video,13.333,1697603.0,293052.0
169,rhode crush,432,132880,,,,,,,,2024-02-14T17:11:12.000Z,Sidecar,,,
170,sweet saturday mornings,317,131517,,,,,,,,2024-02-17T17:00:39.000Z,Image,,,
171,call lip case lip tints launching together february 27th 9am pt join waitlist rhodeskincom,384,115211,,,,,,,,2024-02-18T17:00:21.000Z,Sidecar,,,
172,gloss lip essentials high shine also packed high performance ingredients hydrate nourish replenish dry skin shea butter powerful emollient hydrates moisturizes 5 essential fatty acids ( including vitamins e  allantoin ) vitamin c rich antioxidants helps brighten defend lips damage elements ps lip treatments salted caramel watermelon slice unscented available lip tints back february 27th 9am pt,267,51533,,,,,,,,2024-02-20T17:07:00.000Z,Image,,,
173,warm toasty lip tints back february 27th get taste love treatment tint one 4 sheer buildable shades plumps hydrates shea butter peptides melts onto lips sheer glossy finish,282,116892,,,,,,,,2024-02-22T17:01:43.000Z,Sidecar,,,
174,rhode ingredients peptides lips deserve much care skin peptides powerhouse ingredient keep smooth plump find peptide lip treatments tints,197,49294,,,,,,,,2024-02-19T17:43:29.000Z,Image,,,
175,loom x rhode futures foundation year rhode futures foundation focused breaking barriers women health supporting organizations initiatives equip women education care deserve advancing reproductive healthcare access improving maternal health outcomes partnered  free comprehensive educational resource promotes health literacy among women girls meet loom co founder  shares created app ways advance health equity loom accessible anyone anytime need download ios,102,9111,@learnwithloom,@ericachidi,,,,,,2024-02-16T17:13:01.000Z,Sidecar,,,
176,lip tint try sheer buildable formula leaves lips glossy hydrated hint tint 4 core colors espresso rich brown toast rose taupe raspberry jelly crushed berry ribbon sheer pink coming back february 27th 9am pt,345,98919,,,,,,,,2024-02-21T18:06:23.000Z,Video,78.933,2314993.0,1054379.0
177,get ready rhode skin prep lip tints preps hydrates makeup base using glazing milk peptide glazing fluid adds swipe lip tint finishing touch 4 core colors back february 27th 9am pt rhodeskincom,100,17931,@silkonme,,,,,,,2024-02-23T17:29:18.000Z,Video,31.533,606414.0,189411.0
178,week ft peptide lip treatment go essential day lip hydration ,132,27091,,,,,,,,2024-02-07T17:11:07.000Z,Sidecar,,,
179,step step pineapple refresh,159,40815,,,,,,,,2024-02-10T17:01:34.000Z,Sidecar,,,
180,chatting things rhode beauty skincare  ,175,34332,@haileybieber,@bonitravo,,,,,,2024-02-12T19:41:29.000Z,Video,90.033,838769.0,301088.0
181,text treat tint peptide lip tints coming back plus something cute hold,866,247961,,,,,,,,2024-02-13T16:00:47.000Z,Image,,,
182,winter morning  rhode essentials ,147,32302,@xoxotsumi,,,,,,,2024-02-06T17:20:11.000Z,Sidecar,,,
183,get ready rhode  grammy glam rhode product breakdown skin prep using glazing milk peptide glazing fluid plumping pre makeup lip mask using peptide lip treatment foundation mixed peptide glazing fluid lip tint shade ‘ toast,171,24605,@claudiasulewski,@carlyy.fisher,,,,,,2024-02-05T17:15:23.000Z,Video,61.133,2101570.0,594479.0
184,rhode restore eczema  shares journey eczema glazing milk nutrient rich formula helps soothe irritation hydrate skin providing real results received national eczema association seal acceptance™ receive seal glazing milk passed strict standards established nea panel leading dermatologists allergists eczema experts – underwent testing sensitivity irritation toxicity along review ingredients formulation data honored receive recognition add glazing milk routine rhodeskincom,118,13886,@therudiberry,,,,,,,2024-02-09T19:44:11.000Z,Sidecar,,,
185,1 800 rhode meet lip case compatible iphone favorite peptide lip tint treatment lip tints finally coming back 4 sheer buildable shades melt onto lips rich glossy finish launching together february 27th 9am pt join waitlist rhodeskincom,5849,465984,,,,,,,,2024-02-13T17:13:07.000Z,Sidecar,,,
186,meet rhode ingredient know next gen hyaluronic acid ( ha ) find pineapple refresh formula rhodeskincom,124,32541,,,,,,,,2024-02-04T17:12:19.000Z,Image,,,
187,strawberry glaze 4ever starting valentine day erewhon get rhode scratcher order hb strawberry glaze soft serve sundae scratch heart chance win free rhode goodies supplies last ,333,46931,@findcosmicbliss,@erewhon,,,,,,2024-02-13T02:18:39.000Z,Video,24.9,2381190.0,535362.0
188,paris week,383,91201,,,,,,,,2024-03-07T12:26:14.000Z,Sidecar,,,
189,wash away day puts pineapple refresh cleanser test,155,16829,@lauragalebe,,,,,,,2024-02-08T17:02:28.000Z,Video,25.0,2035974.0,328355.0
190,mid game touch ,534,88109,@haileybieber,,,,,,,2024-02-12T06:29:08.000Z,Video,17.966,3923755.0,1146107.0
191,lip tint shade ribbon sheer pink everyday 4 core colors back february 27th 9am pt,196,102514,,,,,,,,2024-02-24T17:01:04.000Z,Image,,,
192,rhode around world come find us la nyc london,156,12940,,,,,,,,2024-02-01T18:00:08.000Z,Video,27.7,407734.0,82386.0
193,saves pineapple refresh shoot,120,48443,,,,,,,,2024-02-02T17:07:56.000Z,Sidecar,,,
194,day one rhode futures foundation focused supporting organizations actively dismantle barriers impede women * careers limit access healthcare supporting pursuit long term goals thanks support incredible work partners let review highlights work together 2023 information check full report rhodeskincom stay tuned rhode futures 2024 excited share coming weeks * women including non binary trans non cis women identified persons ,135,12084,,,,,,,,2024-01-31T21:36:22.000Z,Sidecar,,,
195,ultimate refresh pineapple refresh balm lather cleanser arrived safe sensitive acne prone skin gentle effective formula designed rinse day away without leaving skin feeling stripped tight first step full rhode routine cleanser clinically proven long lasting hydration hit refresh rhodeskincom,524,49551,,,,,,,,2024-01-25T17:00:03.000Z,Sidecar,,,
196,rhode textures full rhode routine rhodeskincom,219,58598,,,,,,,,2024-02-03T17:19:33.000Z,Video,14.5,899385.0,272915.0
197,rhode calendar girls miss october  ‍ cleanser every day every month every season pineapple refresh arrives tomorrow,182,69574,@candiceswanepoel,,,,,,,2024-01-24T17:40:45.000Z,Sidecar,,,
198,lather rinse refresh glow pineapple refresh new daily pga cleanser arrived rhodeskincom,121,26904,,,,,,,,2024-01-29T17:13:26.000Z,Image,,,
199,rhode bath bomb made splash week pineapple refresh arrives tomorrow 9am pt ,314,61712,,,,,,,,2024-01-24T20:26:13.000Z,Video,81.833,1189221.0,504997.0
200,new daily comfort cleanser lush gentle comforting lather pineapple refresh melts away makeup spf impurities without stripping drying skin pga gives bouncy post rinse hydration green tea extract helps calm soothe protect environmental stressors add rhode routine rhodeskincom say hi birthday girl miss november ,326,83162,@haileybieber,,,,,,,2024-01-28T17:00:39.000Z,Sidecar,,,
201,pineapple refresh first step full rhode routine new daily cleanser formulated skin refreshing ingredients like pga green tea extract gentle pineapple enzymes leave skin clean soft bouncy post rinse available rhodeskincom,173,12170,,,,,,,,2024-01-26T17:34:19.000Z,Video,73.333,687996.0,216644.0
202,world rhode ft pineapple refresh rhode line curated skincare essentials believe simple efficacious formulas designed skin types used year round multipurpose product formulated essential step routine giving luminous dewy hydration nourishing barrier improving look feel skin time full rhode routine available rhodeskincom,210,49465,,,,,,,,2024-01-27T17:01:09.000Z,Sidecar,,,
203,wanted create gentle daily cleanser skin refreshing feel lasts long rinse cleanser leave skin feeling stripped tight dry irritate eyes instead pineapple refresh leaves barrier soft bouncy hydrated using pineapple refresh 97 % agreed thoroughly removes makeup dirt impurities excess oil 94 % agreed skin feels supple hydrated balanced 94 % agreed skin feel dry stripped tight coming january 25th join waitlist rhodeskincom * based 32 subject consumer perception study two weeks use ,165,18879,,,,,,,,2024-01-19T17:01:34.000Z,Sidecar,,,
204,rhode calendar girls miss march ,309,63405,@haileybieber,,,,,,,2024-01-19T19:12:13.000Z,Sidecar,,,
205,new pineapple refresh formula features antioxidant rich superingredients like green tea extract help calm soothe skin protect daily environmental stressors like uv rays pollution everyday escape skin coming january 25th 9am pt join waitlist rhodeskincom miss august ,169,54892,@haileybieber,,,,,,,2024-01-23T17:00:40.000Z,Sidecar,,,
206,sunshine bottle pineapple refresh touches 3 days  miss july,190,57342,@candiceswanepoel,,,,,,,2024-01-22T19:48:06.000Z,Sidecar,,,
207,tropical shower skin wanted cleanser give post rinse hydration lasts throughout day infused formula moisture packed ingredients glycerin powerful humectant helps draw moisture skin surface retain water next generation hyaluronic acid ( hydroxypropyltrimonium hyaluronate ) new technology clinically proven increase adhesion ha skin boosting hydration barrier function pineapple refresh arrives january 25 9am pt miss may,117,21257,@biancakeii,,,,,,,2024-01-21T17:09:17.000Z,Sidecar,,,
208,rhode calendar girls meet miss february  fall love pineapple refresh lush texture feels like instant vacation melts away makeup impurities gentle natural exfoliation leaves skin petal soft join waitlist rhodeskincom,174,18415,@biancakeii,,,,,,,2024-01-18T19:05:28.000Z,Sidecar,,,
209,wash away day silky golden balm lush foamy bubbles pineapple refresh cleanser unique balm lather texture easily melts rinses away spf makeup dirt without stripping skin drying launching january 25th 9am pt join waitlist rhodeskincom,142,48423,,,,,,,,2024-01-22T17:01:14.000Z,Sidecar,,,
210,rhode bath bomb,2597,784602,,,,,,,,2024-01-20T18:02:40.000Z,Video,35.2,14427561.0,6642301.0
211,rhode calendar girls meet miss april  pineapple refresh cleanser feels like silky golden balm melts lush foamy bubbles good skin types including sensitive skin fragrance free formula available january 25th 9am pt join waitlist rhodeskincom,107,12530,@ajokdaing,,,,,,,2024-01-20T19:33:30.000Z,Sidecar,,,
212,skin refreshing day makeup melting night pineapple refresh arrives january 25th 9am pt  miss september,109,11830,@ajokdaing,,,,,,,2024-01-23T19:41:03.000Z,Sidecar,,,
213,get unready  featuring new pineapple refresh cleanser coming january 25th 9am pt rhodeskincom,358,61812,@haileybieber,@kensnation,,,,,,2024-01-21T19:41:16.000Z,Video,234.833,1379184.0,499132.0
214,year round cleanser bouncy soft hydrated skin pineapple refresh & wrap rhode calendar girls ending 2024 rollout  december,147,35574,@haileybieber,@biancakeii,,,,,,2024-01-30T17:00:07.000Z,Sidecar,,,
215,something fresh,267,21780,,,,,,,,2024-01-14T17:01:30.000Z,Image,,,
216,instant refresh lasting hydration inside pineapple refresh polyglutamic acid ( aka pga ) ultra hydrating skin plumping humectant helps lock moisture green tea extract calms soothes skin antioxidants help protect environmental stressors pineapple enzyme gentle natural exfoliant smoother looking skin disrupt barrier cruelty free vegan fragrance free gluten free ophthalmologist tested dermatologist tested developed see january 25th 9am pt rhodeskincom,360,29469,,,,,,,,2024-01-17T16:56:50.000Z,Image,,,
217,tomorrow,613,40720,,,,,,,,2024-01-16T17:31:56.000Z,Video,11.9,1797868.0,426897.0
218,soak glazing milk essential prep step daily routine packed nutrient rich clinically proven ingredients like ceramides beta glucan prep skin better product absorption help reduce appearance redness help calm soothe irritated skin boost barrier function provide day hydration give instant luminous glow,143,8963,,,,,,,,2024-01-10T17:00:43.000Z,Video,4.88,1833519.0,223437.0
219,gentle enough daily use pineapple refresh cleanser every day every month every season keep track rhode calendar girls meet miss january check back tomorrow meet miss february,401,57227,@candiceswanepoel,,,,,,,2024-01-17T17:20:51.000Z,Sidecar,,,
220,ultimate refresh introducing pineapple refresh new pga daily cleanser coming january 25th 9am pt first step rhode routine balm lather cleanser unique lush texture formulated skin refreshing ingredients leave skin clean soft bouncy post rinse love unique texture silky golden balm melts lush foamy bubbles easily rinse away spf makeup dirt without stripping skin drying gentle comforting clean green tea extract provides antioxidants help protect environmental stressors pineapple enzymes gently exfoliate remove day post rinse hydration infused pga next gen hyaluronic acid glycerin leave skin fresh dewy glow everyday escape join waitlist rhodeskincom,833,103083,,,,,,,,2024-01-17T16:55:23.000Z,Image,,,
221,january color palette ,756,58916,,,,,,,,2024-01-07T17:08:53.000Z,Sidecar,,,
222,rhode holiday,702,53793,,,,,,,,2024-01-09T17:00:11.000Z,Sidecar,,,
223,years making rhode testing panel got sneak peek new cleanser week first impressions wait finally try info coming soon,203,12293,,,,,,,,2024-01-13T18:49:19.000Z,Video,88.6,597144.0,163323.0
224,rhode hydration layers essential prep step glazing milk preps skin skincare makeup giving luminous sheen hydration dewy glaze peptide glazing fluid visibly plumps hydrates glazes peptides hyaluronic acid marula oil restorative moisture barrier restore cream seals moisture leaves skin soft supple cushiony nourish gloss peptide lip treatment offers nourishing treatment restore dry lips leaving plump glossy finish easy apply treat go find rhode kit rhodeskincom,141,11055,,,,,,,,2024-01-12T17:36:11.000Z,Image,,,
225,soak skin glaze packed hyaluronic acid niacinamide marula oil peptide glazing fluid gives skin burst juicy hydration instant dewy finish ,98,7143,,,,,,,,2024-01-08T17:00:14.000Z,Image,,,
226,ooo  rhode,1025,30369,@izabelottoni,,,,,,,2024-01-11T17:00:11.000Z,Video,18.6,695586.0,218316.0
227,daily hydration essentials rhodeskincom,165,15810,,,,,,,,2024-01-02T17:53:49.000Z,Image,,,
228,skin feeling new year good time check skin find go essentials keep barrier balanced hydrated glowing ,154,13480,,,,,,,,2024-01-06T17:00:05.000Z,Sidecar,,,
229,wake rhode ,125,11112,,,,,,,,2024-01-04T17:00:19.000Z,Image,,,
230, rhode bathrobe edition,79,13675,,,,,,,,2024-01-03T17:00:12.000Z,Sidecar,,,
231,fresh start,283,28094,,,,,,,,2024-01-01T17:02:57.000Z,Video,21.366,2344492.0,464491.0
232,texts hb one really good cleanser 4 years making launching january 25th 9am pt join waitlist rhodeskincom,296,28592,,,,,,,,2024-01-18T17:05:15.000Z,Sidecar,,,
233,winter far  rhode,161,46097,@matildadjerf,,,,,,,2024-01-05T17:38:20.000Z,Sidecar,,,
