createTimeISO,collectCount,commentCount,likes,mentions0,mentions1,playCount,shareCount,text,videoDuration,videoFormat,topic_id,topic_name
2024-08-01 17:05:41+00:00,38,91,1000,,,21900,12,aaliyah wears pocket blush sprinkle,12.0,mp4,4,Rhode Pocket Blush Shades in NYC
2024-08-01 17:04:44+00:00,516,112,12100,,,89000,262,world sprinkle,,jpeg,15,Rhode Products & International Shipping
2024-08-01 16:22:42+00:00,358,162,9267,,,73600,115,rhode combos hb wears pocket blush sprinkle lip tint shortcake,38.0,mp4,5,Rhode Summer Lip Tints and Pocket Blush
2024-08-01 16:15:19+00:00,209,159,7955,@S,,107500,227,replying sprinkle nyc pop exclusive blush got much love bringing pocket blush shade sprinkle pearlescent warm pink glow,7.0,mp4,5,Rhode Summer Lip Tints and Pocket Blush
2024-07-31 23:34:41+00:00,622,203,19300,,,153100,437,see tomorrow 9am pt,8.0,mp4,2,Rhode Pop-Up Event & New Products
2024-07-31 16:06:35+00:00,617,277,15200,,,144300,1463,little treat see tomorrow 9am pt,10.0,mp4,2,Rhode Pop-Up Event & New Products
2024-07-31 15:57:56+00:00,58,21,1281,,,25200,20,summer bottle glazing milk essential prep step lightweight hydration luminous makeup base full ceramides beta glucan magnesium blend help calm skin provide day hydration,34.0,mp4,0,Day & Night Rhode Skincare Routine
2024-07-31 05:26:15+00:00,584,79,9198,,,110000,233,sheer buildable formula melts onto lips nourishing hydration hint tint,10.0,mp4,16,Lip Tint Application & Formula
2024-07-31 01:05:08+00:00,62,19,1371,,,23300,15,rhode summer,11.0,mp4,2,Rhode Pop-Up Event & New Products
2024-07-30 19:06:14+00:00,96,32,1017,@Vanessa,,25500,21,rhode combos sun kissed look using pocket blush shades toasted teddy piggy,30.0,mp4,9,Products for Summer Makeup Look
2024-07-30 01:04:38+00:00,82,31,1289,@eva,,31700,4,get ready rhode  rose glazed glowy 4 steps,55.0,mp4,2,Rhode Pop-Up Event & New Products
2024-07-29 22:05:48+00:00,406,84,11500,,,117100,256,scoop shortcake,8.0,mp4,2,Rhode Pop-Up Event & New Products
2024-07-29 19:26:30+00:00,84,37,1669,@Taylor,,31700,46,swatches pocket blush shade spicy marg,15.0,mp4,7,Pocket Blush Shades
2024-07-28 17:38:43+00:00,91,31,1356,@Gacia‚Äôs,,42100,29,rhode combos monochromatic coral look ft pocket blush spicy marg peptide lip tint guava spritz,18.0,mp4,5,Rhode Summer Lip Tints and Pocket Blush
2024-07-28 17:31:36+00:00,142,36,3166,@Amber,,53200,39,holly wears pocket blush juice box piggy lip tint guava spritz,22.0,mp4,7,Pocket Blush Shades
2024-07-28 01:13:26+00:00,184,51,6652,@annie,,74300,68,rhode booth,17.0,mp4,16,Lip Tint Application & Formula
2024-07-28 01:01:19+00:00,1754,175,48100,@bychanelle,,287600,1843,rhode booth,9.0,mp4,16,Lip Tint Application & Formula
2024-07-27 22:27:40+00:00,507,58,17800,@Gary,,225200,321,thompson,10.0,mp4,6,Lip Tint Pop-Up
2024-07-27 19:49:28+00:00,182,53,6699,,,70500,264,rhode booth takes london,47.0,mp4,6,Lip Tint Pop-Up
2024-07-27 16:58:25+00:00,125,43,3719,@DANIELLE,,56300,133,rhode booth,16.0,mp4,16,Lip Tint Application & Formula
2024-07-27 16:47:28+00:00,1696,239,38600,,,662600,5529,rhode booth london thank everyone came today,26.0,mp4,6,Lip Tint Pop-Up
2024-07-26 22:32:27+00:00,180,32,2691,@Courtney,,49800,77,antalek pocket blush shade juice box,16.0,mp4,7,Pocket Blush Shades
2024-07-26 18:59:29+00:00,390,48,4362,,,47100,52,ones love rely always come back ultimate barrier nourishment tint glow,,jpeg,1,Rhode Lip Products & Shades
2024-07-26 16:28:39+00:00,118,26,1781,@Kadija,,33800,36,pocket blush toasted teddy swipe lip tint guava spritz,19.0,mp4,7,Pocket Blush Shades
2024-07-25 22:00:22+00:00,111,55,1870,,,37600,52,beach blanket essentials,15.0,mp4,14,Lip & Skincare Products
2024-07-25 21:10:04+00:00,114,27,1748,@Izabel,,39600,40,rhode combos  ottoni wears pocket blush toasted teddy spicy marg peptide lip tint guava spritz,19.0,mp4,5,Rhode Summer Lip Tints and Pocket Blush
2024-07-25 16:04:25+00:00,141,30,4280,,,57500,49,tasty melty glowy,8.0,mp4,1,Rhode Lip Products & Shades
2024-07-25 00:49:43+00:00,95,30,1425,@Tziporah,,41200,30,blush blushing  wears pocket blush shade juice box,9.0,mp4,7,Pocket Blush Shades
2024-07-24 16:57:26+00:00,82,30,1317,@Chloe,,33800,14,guava spritz lips brown,10.0,mp4,5,Rhode Summer Lip Tints and Pocket Blush
2024-07-23 23:34:42+00:00,76,37,1076,@Meredith,,38300,23,duxbury go glam ft pocket blush shade piggy,13.0,mp4,4,Rhode Pocket Blush Shades in NYC
2024-07-23 22:21:07+00:00,487,66,5111,,,64600,106,peptide lip tints sheer buildable formula melts onto lips nourishing hydration hint tint available core limited edition shades,,jpeg,16,Lip Tint Application & Formula
2024-07-23 16:15:06+00:00,225,43,4424,@Julieta,,92500,114,rhode go gracia,9.0,mp4,15,Rhode Products & International Shipping
2024-07-23 00:28:50+00:00,81,40,2073,@Tanicha,,64200,20,rose pocket blush first impressions dreamy creamy buildable formula melts onto skin,99.0,mp4,16,Lip Tint Application & Formula
2024-07-22 19:39:13+00:00,712,39,9013,@yodeebs,,101900,113,recreates hb piggy mani,14.0,mp4,13,Lip Tint & Case Waitlist
2024-07-22 16:31:02+00:00,118,22,1772,@kendalldairr‚Äôs,,39800,22,rhode glam coral look summer night,47.0,mp4,0,Day & Night Rhode Skincare Routine
2024-07-22 01:26:40+00:00,1450,66,9475,@Valerie,,92400,152,summer lip looks de santiago,,jpeg,12,Pineapple Refresh Cleanser Formula
2024-07-21 17:55:15+00:00,2290,92,14300,,,312400,892,chailee swatches six shades pocket blush,51.0,mp4,7,Pocket Blush Shades
2024-07-21 16:06:27+00:00,226,52,6626,,,60500,52,go glow,8.0,mp4,5,Rhode Summer Lip Tints and Pocket Blush
2024-07-21 00:41:51+00:00,268,32,1866,@DACEY,,48400,109,made blush cash swatches six shades pocket blush,168.0,mp4,7,Pocket Blush Shades
2024-07-20 18:21:16+00:00,134,42,3638,,,53300,24,put us pocket,,jpeg,7,Pocket Blush Shades
2024-07-20 16:15:17+00:00,82,24,1746,@Tyanna,,43000,22,gold pocket blush shade spicy marg tangy bright coral glow,9.0,mp4,5,Rhode Summer Lip Tints and Pocket Blush
2024-07-19 23:30:50+00:00,141,53,2333,,,41700,66,rhode summer,11.0,mp4,2,Rhode Pop-Up Event & New Products
2024-07-19 19:39:29+00:00,246,49,2711,@Michaela,,47600,118,swatches four limited edition peptide lip tints available rhodeskincom,32.0,mp4,13,Lip Tint & Case Waitlist
2024-07-19 16:56:17+00:00,2017,137,16100,@mathilde,,336100,1321,pocket blush unboxed,17.0,mp4,4,Rhode Pocket Blush Shades in NYC
2024-07-18 23:52:47+00:00,62,33,1215,@isa,,39500,17,go spicy marg peach pit rhode combo ?,17.0,mp4,5,Rhode Summer Lip Tints and Pocket Blush
2024-07-18 18:18:37+00:00,107,37,1305,@ines_lblc,,34100,55,shortcake sea carries matching summer lip case peptide lip tint shortcake,11.0,mp4,13,Lip Tint & Case Waitlist
2024-07-18 16:22:43+00:00,187,33,3254,@Gacia,,56200,49,sunset blush pocket blush shade juice box pocket blush shade spicy marg pocket blush shade piggy finishing touches lip tint shade peach pit,25.0,mp4,7,Pocket Blush Shades
2024-07-17 20:06:02+00:00,95,44,1158,@Kelly,,33200,45,little blush little flush swatches six shades pocket blush,23.0,mp4,7,Pocket Blush Shades
2024-07-17 17:15:03+00:00,882,64,12200,,,146400,497,toasted teddy designed multitask routine use ways one 3 favorite techniques worn best,44.0,mp4,8,Pineapple Refresh Cleanser
2024-07-16 23:25:40+00:00,813,85,13700,,,153600,143,pocket blush inspired mani,17.0,mp4,7,Pocket Blush Shades
2024-07-16 19:37:08+00:00,144,35,4791,@Natalia,,60600,32,pocket sized essentials bryant,15.0,mp4,5,Rhode Summer Lip Tints and Pocket Blush
2024-07-16 16:45:33+00:00,566,77,14400,@Matilda,,159200,236,rhode postcard greetings sweden djerf,12.0,mp4,15,Rhode Products & International Shipping
2024-07-15 20:11:13+00:00,133,49,2700,,,46800,52,rhode ingredients cupua√ßu meet moisturizing ingredient rhode lips cupua√ßu perfect hydrating sun soaked dry lips summer long,13.0,mp4,2,Rhode Pop-Up Event & New Products
2024-07-14 20:53:12+00:00,147,36,1843,@ana,,47600,60,mauve duo sleepy girl salty tan,29.0,mp4,13,Lip Tint & Case Waitlist
2024-07-14 17:44:21+00:00,107,40,1682,@RUBY,,45700,35,phone  pocket blush,9.0,mp4,7,Pocket Blush Shades
2024-07-14 16:12:30+00:00,312,38,6067,,,64300,130,slow start,8.0,mp4,16,Lip Tint Application & Formula
2024-07-13 23:34:46+00:00,212,61,6101,@Izabel,,123100,64,first impressions pocket blush ottoni pocket blush shade toasted teddy pocket blush shade piggy lip tint shade peach pit,59.0,mp4,7,Pocket Blush Shades
2024-07-13 19:53:47+00:00,6273,601,119400,@poonam,,576000,5128,rhode love sidhu,7.0,mp4,13,Lip Tint & Case Waitlist
2024-07-13 16:12:09+00:00,117,35,2165,@lindsay,,47800,43,conway pocket blush shade sleepy girl,9.0,mp4,7,Pocket Blush Shades
2024-07-12 23:58:27+00:00,203,36,3463,@Kika,,75800,56,cerqueira gomes wears pocket blush shade toasted teddy lip tint shade peach pit,47.0,mp4,5,Rhode Summer Lip Tints and Pocket Blush
2024-07-12 17:57:48+00:00,454,82,13200,@tate,,117700,184,lip case sightings  mcrae peach pit,45.0,mp4,5,Rhode Summer Lip Tints and Pocket Blush
2024-07-12 16:35:22+00:00,127,29,1065,,,35900,125,shades summer,4.0,mp4,2,Rhode Pop-Up Event & New Products
2024-07-12 00:09:18+00:00,168,40,2966,,,56200,53,summertime salty tan,10.0,mp4,4,Rhode Pocket Blush Shades in NYC
2024-07-11 20:10:49+00:00,513,104,8902,,,116900,342,six everyday shades gives super natural flush color like woken nap spent bit much time sun,6.0,mp4,11,Skincare & Makeup Routine Recommendations
2024-07-11 16:23:36+00:00,217,44,3774,@Andrea,,71400,75,sun spf coral duo yamhure,12.0,mp4,0,Day & Night Rhode Skincare Routine
2024-07-10 23:03:07+00:00,175,44,1738,,,58200,87,double duty duos combine paired shades pocket blush limited edition peptide lip tints effortless monochromatic look,7.0,mp4,5,Rhode Summer Lip Tints and Pocket Blush
2024-07-10 18:29:45+00:00,74,36,1697,@ajailakenyara,,49700,35,dreamy creamy pocket sized swatches pocket blush shades sleepy girl spicy marg juice box toasted teddy,35.0,mp4,7,Pocket Blush Shades
2024-07-10 00:28:10+00:00,1373,112,20300,@jaclyn,,546800,615,toasted teddy touch ups bronze terracotta blush,12.0,mp4,5,Rhode Summer Lip Tints and Pocket Blush
2024-07-09 22:04:09+00:00,234,64,4216,,,76700,120,lip tint shade salty tan sheer soft mauve tint,15.0,mp4,13,Lip Tint & Case Waitlist
2024-07-09 16:36:06+00:00,125,39,2046,@Schaebreezy_,,58200,58,swatches pocket blush shade juice box lip tint shade salty tan,15.0,mp4,7,Pocket Blush Shades
2024-07-08 22:55:08+00:00,159,38,2324,@sophiess,,67000,52,sleepy girl touch ups go,12.0,mp4,7,Pocket Blush Shades
2024-07-08 19:34:57+00:00,402,89,8212,,,104300,180,peptide lip tint shade shortcake vs ribbon,14.0,mp4,13,Lip Tint & Case Waitlist
2024-07-08 16:04:30+00:00,121,36,2027,@Jasmine,,60000,48,sweet dreams tookes wears pocket blush shade sleepy girl,17.0,mp4,7,Pocket Blush Shades
2024-07-08 00:38:46+00:00,290,85,5799,,,115700,69,fresh press,,jpeg,15,Rhode Products & International Shipping
2024-07-07 19:36:16+00:00,302,47,3555,@Freya,,88000,131,tidy layers pocket blush shades toasted teddy sleepy girl finishing touches lip tint shade salty tan,14.0,mp4,7,Pocket Blush Shades
2024-07-07 16:11:27+00:00,1521,142,40000,@Kylie,,622500,325,jenner wears pocket blush shade freckle,59.0,mp4,4,Rhode Pocket Blush Shades in NYC
2024-07-06 19:11:41+00:00,2332,510,60100,,,1100000,978,hb go pocket blush shade sprinkle lip tint shade peach pit,29.0,mp4,5,Rhode Summer Lip Tints and Pocket Blush
2024-07-06 16:34:35+00:00,158,44,2517,@Ria‚ú®üßöüèæ‚Äç‚ôÄÔ∏è‚ú®,,68000,36,‚Äç coral duo spicy marg guava spritz,16.0,mp4,5,Rhode Summer Lip Tints and Pocket Blush
2024-07-05 23:15:18+00:00,207,48,2254,@vanessanicolestern,,73800,101,swatches six shades pocket blush available rhodeskincom,60.0,mp4,7,Pocket Blush Shades
2024-07-05 19:38:59+00:00,645,70,14100,@Bella,,207000,314,lip tint shade peach pit,14.0,mp4,5,Rhode Summer Lip Tints and Pocket Blush
2024-07-05 16:11:29+00:00,115,45,2421,,,62000,49,bye bye nyc treat bring pocket sized pop thank much everyone came support excitement mean world us,48.0,mp4,15,Rhode Products & International Shipping
2024-07-04 19:51:29+00:00,92,44,2051,@suni,,75200,28,get ready wearing pocket blush shade piggy lip tint shade salty tan,25.0,mp4,4,Rhode Pocket Blush Shades in NYC
2024-07-04 19:08:03+00:00,237,34,2381,@Drea,,75300,55,mauve duo touch piggy 6 shades pocket blush back available individually set six blush tint duo rhodeskincom,45.0,mp4,13,Lip Tint & Case Waitlist
2024-07-04 17:13:31+00:00,151,47,2889,@RUBY,,75300,56,little flush go  wears pocket blush spicy marg,14.0,mp4,7,Pocket Blush Shades
2024-07-04 16:10:20+00:00,116,39,1970,,,54500,62,spicy marg summer,10.0,mp4,5,Rhode Summer Lip Tints and Pocket Blush
2024-07-04 03:28:53+00:00,60,30,1786,@Kensington,,60900,19,came visit,87.0,mp4,6,Lip Tint Pop-Up
2024-07-04 02:57:08+00:00,289,31,3476,@Olivia,,89300,116,pink duo piggy shortcake chatfield 6 shades pocket blush back available individually set six blush tint duo rhodeskincom,14.0,mp4,13,Lip Tint & Case Waitlist
2024-07-03 22:49:44+00:00,1105,726,44000,,,477700,237,today final day pocket sized pop nyc thank much everyone came support excitement mean world us love hb team rhode,60.0,mp4,15,Rhode Products & International Shipping
2024-07-03 20:27:41+00:00,695,36,7323,@nalilychav,,131700,235,blush tint duos duo combines paired shade pocket blush limited edition summer lip tint wear together juicy monochromatic look rhodeskincom,14.0,mp4,5,Rhode Summer Lip Tints and Pocket Blush
2024-07-03 17:16:18+00:00,225,40,2029,@nicoletaveras,,58500,111,gets flushed six shades pocket blush back including piggy freckle sleepy girl available individually set six,63.0,mp4,7,Pocket Blush Shades
2024-07-03 16:29:24+00:00,179,79,5359,,,64300,143,today final day pocket sized pop nyc come get rhode summer essentials 127 greene st new york ny 11am 7pm,34.0,mp4,2,Rhode Pop-Up Event & New Products
2024-07-03 04:32:43+00:00,116,25,2051,@sophiaculpo,,58300,8,wedding day skincare prep uses pineapple refresh cleanser glazing milk,76.0,mp4,14,Lip & Skincare Products
2024-07-03 01:59:43+00:00,110,32,1921,@abelyn,,58800,63,pocket blush go wears shade juice box,14.0,mp4,7,Pocket Blush Shades
2024-07-02 22:09:10+00:00,102,14,998,,,43100,12,little tangy elsa wears pocket blush shade spicy marg,,jpeg,5,Rhode Summer Lip Tints and Pocket Blush
2024-07-02 17:08:29+00:00,156,55,3110,@Michaela,,63000,36,tries pocket blush shade sprinkle available nyc pop,10.0,mp4,4,Rhode Pocket Blush Shades in NYC
2024-07-02 00:12:39+00:00,389,85,6803,@Bex,,137700,172,uses pocket blush shades toasted teddy spicy marg lip tint shade guava spritz,18.0,mp4,7,Pocket Blush Shades
2024-07-01 22:07:02+00:00,1325,219,36900,@Hannah,@Hailey,442700,489,‚Äô bacckkkk berner bieber,73.0,mp4,12,Pineapple Refresh Cleanser Formula
2024-07-01 19:13:15+00:00,79,27,2280,@haleigh,,59800,21,jade popped pocket sized pop,12.0,mp4,2,Rhode Pop-Up Event & New Products
2024-07-01 17:54:34+00:00,518,42,9358,@Tao,,133200,90,go pocket blush shade spicy marg lip tint shade peach pit,17.0,mp4,5,Rhode Summer Lip Tints and Pocket Blush
2024-07-01 16:54:53+00:00,145,41,3560,,,65000,101,come nyc pop open wednesday thank love support far,,jpeg,1,Rhode Lip Products & Shades
2024-06-30 18:31:39+00:00,993,142,38900,,,323300,394,little blush little cake,7.0,mp4,7,Pocket Blush Shades
2024-06-30 17:00:46+00:00,234,42,3430,@evange,,71500,157,layers pocket blush shades toasted teddy juice box spicy marg finishing touches lip tint shade guava spritz,20.0,mp4,7,Pocket Blush Shades
2024-06-30 16:04:00+00:00,349,44,3934,@ally,,80700,211,summer lip tint try,32.0,mp4,13,Lip Tint & Case Waitlist
2024-06-29 19:22:11+00:00,202,70,4382,@Sophia,,87300,44,pocket sized pop haul giuffr√©,78.0,mp4,2,Rhode Pop-Up Event & New Products
2024-06-29 17:45:40+00:00,138,48,3795,,,79300,44,first impressions pocket blush love feels super creamy blendable formula melts onto skin leaves satiny glowy finish looks like natural flush,50.0,mp4,16,Lip Tint Application & Formula
2024-06-29 16:55:39+00:00,261,47,7645,,,95500,97,chalk postings around nyc come find us,9.0,mp4,4,Rhode Pocket Blush Shades in NYC
2024-06-28 22:12:15+00:00,90,42,1407,,,59400,62,rhode sightings,4.0,mp4,15,Rhode Products & International Shipping
2024-06-28 20:32:04+00:00,355,46,3032,@alysialoo,,66300,135,pocket blush try,142.0,mp4,7,Pocket Blush Shades
2024-06-28 18:37:24+00:00,106,51,2600,,,55200,76,pocket sized pop open july 3rd 11am 7pm daily,24.0,mp4,2,Rhode Pop-Up Event & New Products
2024-06-27 23:45:10+00:00,143,61,2193,@Samantha,,70000,142,match look lip case blush borges,12.0,mp4,13,Lip Tint & Case Waitlist
2024-06-27 19:06:29+00:00,238,62,6797,@Meredith,,123200,108,little sunset look duxbury pocket blush,61.0,mp4,7,Pocket Blush Shades
2024-06-26 20:59:24+00:00,667,159,19800,,,158000,413,rhode sightings around nyc,7.0,mp4,4,Rhode Pocket Blush Shades in NYC
2024-06-26 20:01:52+00:00,212,43,6436,@sami,,83500,51,rhode night,10.0,mp4,0,Day & Night Rhode Skincare Routine
2024-06-26 17:07:33+00:00,1419,383,27000,,,401200,1406,pocket blush shade sprinkle warm pearly pink shade pick nyc pop,11.0,mp4,4,Rhode Pocket Blush Shades in NYC
2024-06-25 22:03:14+00:00,63,52,1902,@Chrissy,,91300,15,night nyc rutherford pop preview event,17.0,mp4,4,Rhode Pocket Blush Shades in NYC
2024-06-25 20:30:03+00:00,349,165,10800,,,162900,142,hb wears pocket blush shade sprinkle warm pearly pink shade pick nyc pop,,jpeg,4,Rhode Pocket Blush Shades in NYC
2024-06-25 16:05:27+00:00,191,107,5401,,,102600,163,nyc blushing thank everyone stopped first day pocket sized pop,38.0,mp4,5,Rhode Summer Lip Tints and Pocket Blush
2024-06-24 20:32:13+00:00,703,220,26800,,,309600,282,last night nyc celebrating opening pocket sized pop,25.0,mp4,2,Rhode Pop-Up Event & New Products
2024-06-24 18:19:05+00:00,588,123,17800,,,204100,241,rhode night nyc toasting opening pocket sized pop today launch pocket blush wait see space,,jpeg,2,Rhode Pop-Up Event & New Products
2024-06-24 16:32:51+00:00,977,353,30600,,,413300,635,meet pocket blush shade sprinkle warm pearly pink shade pick nyc pop,9.0,mp4,4,Rhode Pocket Blush Shades in NYC
2024-06-24 15:53:53+00:00,2663,550,87900,,,1000000,9290,rhode pop nyc pocket sized pop officially opens today wait see space june 24th july 3rd 11am 7pm daily 127 greene st new york ny 10012,28.0,mp4,2,Rhode Pop-Up Event & New Products
2024-06-23 23:49:57+00:00,3027,1069,118200,,,1100000,3491,toasting opening pocket sized pop launch pocket blush ca n't wait see space < 3,21.0,mp4,2,Rhode Pop-Up Event & New Products
2024-06-23 18:56:33+00:00,112300,1063,736100,,,7100000,23300,pocket blush inspired mani,16.0,mp4,7,Pocket Blush Shades
2024-06-23 17:32:15+00:00,967,102,20600,@RUBY,,283400,535,coral duo go,10.0,mp4,5,Rhode Summer Lip Tints and Pocket Blush
2024-06-22 19:48:52+00:00,518,172,11100,@Mikayla,,227000,242,nogueira pocket blush first impressions available rhodeskincom,84.0,mp4,8,Pineapple Refresh Cleanser
2024-06-22 18:55:12+00:00,176,53,3767,@Sean,,126100,263,summer lip tint try garrette rhodeskincom,90.0,mp4,13,Lip Tint & Case Waitlist
2024-06-22 17:28:00+00:00,2876,275,33300,,,343000,3841,come get new rhode essentials pocket sized pop nyc monday pocket blush summer peptide lip tints summer lip cases core skincare june 24th july 3rd 11am 7pm daily 127 greene st new york ny 10012,,jpeg,2,Rhode Pop-Up Event & New Products
2024-06-22 16:08:42+00:00,2891,498,97500,,,818800,6466,glaze city pocket sized pop opens nyc monday,15.0,mp4,2,Rhode Pop-Up Event & New Products
2024-06-21 18:27:08+00:00,901,88,7061,,,195100,743,six little swatches pocket blush pocket rhodeskincom,15.0,mp4,7,Pocket Blush Shades
2024-06-21 16:20:20+00:00,1189,67,10600,@Amaya‚ô°,,218600,458,four monochromatic summer looks  duos pair new matching lip cases summer long available rhodeskincom,43.0,mp4,13,Lip Tint & Case Waitlist
2024-06-20 22:19:19+00:00,287,179,6561,,,177300,151,little delivery pocket blush summer lip tints cases arrived,53.0,mp4,13,Lip Tint & Case Waitlist
2024-06-20 16:33:47+00:00,327,135,5187,,,173300,258,summer lip cases arrived match phone lips cheeks summer long,,jpeg,13,Lip Tint & Case Waitlist
2024-06-20 16:28:20+00:00,650,157,12400,,,216500,496,hint tint summer summer peptide lip tints,47.0,mp4,13,Lip Tint & Case Waitlist
2024-06-20 16:05:41+00:00,1329,429,30200,,,329000,1066,pocket blush arrived along summer peptide lip tints lip cases pocket rhodeskincom,28.0,mp4,13,Lip Tint & Case Waitlist
2024-06-20 02:44:48+00:00,1698,670,46200,@Mia,,483900,912,moore tries summer lip tints four limited edition peptide lip tint shades packed high performance ingredients hydrate nourish plump subtle pop color arriving tomorrow june 20th 9am pt rhodeskincom,26.0,mp4,13,Lip Tint & Case Waitlist
2024-06-20 02:13:44+00:00,84,24,2581,@Gary,,103200,31,thompson pocket blush new go cream blushes arrive tomorrow june 20th 9am pt rhodeskincom,121.0,mp4,2,Rhode Pop-Up Event & New Products
2024-06-20 01:42:56+00:00,384,42,5277,@Carly,,123400,303,hint tint summer lip tint try arriving tomorrow june 20th 9am pt rhodeskincom,108.0,mp4,13,Lip Tint & Case Waitlist
2024-06-19 21:14:51+00:00,811,158,34600,,,370700,308,peak camera roll pocket blush finally almost tomorrow 9am pt,26.0,mp4,2,Rhode Pop-Up Event & New Products
2024-06-19 20:53:34+00:00,1746,101,64200,,,543400,377,bit bts pocket blush summer peptide lip tints cases launch tomorrow june 20th 9am pt rhodeskincom,16.0,mp4,2,Rhode Pop-Up Event & New Products
2024-06-19 20:31:25+00:00,201,32,2622,@vanessanicolestern,,85100,72,made blush layers pocket blush shades piggy toasted teddy swipe lip tint shade salty tan,61.0,mp4,7,Pocket Blush Shades
2024-06-18 22:52:16+00:00,8849,1657,312400,,,4000000,8427,hot pink summer hb matching summer lip case peptide lip tint shade shortcake arriving june 20th 9am pt,18.0,mp4,13,Lip Tint & Case Waitlist
2024-06-18 18:38:50+00:00,176,43,2793,@zoekimkenealy,,89700,91,sunset blush  pocket blush finishing touches lip tint shade salty tan,39.0,mp4,7,Pocket Blush Shades
2024-06-18 16:43:55+00:00,91,34,2564,@Alex,,66800,40,full look fits pocket consani wears coral duo spicy marg guava spritz,9.0,mp4,5,Rhode Summer Lip Tints and Pocket Blush
2024-06-17 23:05:59+00:00,2282,141,31700,@Alissajanay,,459500,1604,swatches four summer peptide lip tints arriving june 20th 9am pt,24.0,mp4,13,Lip Tint & Case Waitlist
2024-06-17 21:06:25+00:00,618,91,34600,,,372600,342,dip guava spritz,10.0,mp4,7,Pocket Blush Shades
2024-06-17 20:25:35+00:00,134,33,1841,@Mia,,77000,55,moore coral duo spicy marg guava spritz,30.0,mp4,5,Rhode Summer Lip Tints and Pocket Blush
2024-06-17 19:11:31+00:00,326,47,4880,,,74700,141,summertime guava spritz,9.0,mp4,5,Rhode Summer Lip Tints and Pocket Blush
2024-06-17 17:20:09+00:00,897,60,12800,@yodeebs,,180100,199,nails inspired pocket blush shade guava spritz,15.0,mp4,7,Pocket Blush Shades
2024-06-17 16:27:27+00:00,603,34,4205,@Kelli,,94700,153,shadow blushing 101 anne sewell,86.0,mp4,1,Rhode Lip Products & Shades
2024-06-17 00:10:21+00:00,369,68,11600,,,121200,135,sleepy girl,,jpeg,7,Pocket Blush Shades
2024-06-16 22:10:05+00:00,2835,285,63100,,,793000,2814,packed high performance ingredients hydrate nourish plump subtle pop color see june 20th 9am pt,19.0,mp4,15,Rhode Products & International Shipping
2024-06-16 21:39:40+00:00,335,38,4220,,,67600,97,sunshine salty tan,11.0,mp4,4,Rhode Pocket Blush Shades in NYC
2024-06-16 19:36:47+00:00,213,32,3579,@walker_ash,,92400,67,pocket blush shade freckle skin prepped glazing milk glaze,42.0,mp4,11,Skincare & Makeup Routine Recommendations
2024-06-16 17:25:43+00:00,203,36,2648,@Afnan,,97100,130,monochromatic glowy makeup dano mauve duo,19.0,mp4,6,Lip Tint Pop-Up
2024-06-16 16:04:18+00:00,614,126,33300,,,369800,299,‚Äô shrinking world rhode,19.0,mp4,15,Rhode Products & International Shipping
2024-06-15 20:45:19+00:00,532,174,9587,@Madison,,138400,375,itsy bitsy unboxing amateau,8.0,mp4,4,Rhode Pocket Blush Shades in NYC
2024-06-15 19:57:37+00:00,7170,749,128600,,,1400000,9551,new summer lip tints designed pair pocket blush full monochromatic look glowy cheeks glossy lips go,6.0,mp4,2,Rhode Pop-Up Event & New Products
2024-06-15 18:59:13+00:00,108,36,3551,@Toni,,87700,31,blushing day long bravo day night summer look ft pocket blush new peptide lip tints arriving june 20th 9am pt,82.0,mp4,0,Day & Night Rhode Skincare Routine
2024-06-15 17:20:36+00:00,2641,466,44200,,,420000,7229,little blush takes big apple bringing pocket sized pop nyc month join us get rhode essentials irl  pocket blush summer peptide lip tints summer lip cases core skincare june 24th july 3rd 11am 7pm daily 127 greene st new york ny 10012 details rhodeskincom,5.0,mp4,2,Rhode Pop-Up Event & New Products
2024-06-15 17:05:45+00:00,1246,278,32400,,,221700,379,two years rhode,56.0,mp4,15,Rhode Products & International Shipping
2024-06-14 18:47:53+00:00,981,144,13900,,,200300,426,meet duos available four color combos pink duo piggy shortcake peach duo freckle peach pit mauve duo sleepy girl salty tan coral duo spicy marg guava spritz,,jpeg,5,Rhode Summer Lip Tints and Pocket Blush
2024-06-14 17:34:36+00:00,1177,481,36100,,,295300,700,rhode unboxing ft new pocket blushes summer lip tints,18.0,mp4,2,Rhode Pop-Up Event & New Products
2024-06-14 16:51:55+00:00,649,183,7391,,,162200,1077,lip case got tinted launching june 20th 9am pt,4.0,mp4,13,Lip Tint & Case Waitlist
2024-06-14 16:25:21+00:00,25900,2650,1000000,,,6900000,10900,bts hb summer lip tints,12.0,mp4,13,Lip Tint & Case Waitlist
2024-06-14 16:13:33+00:00,11500,1191,202000,,,1600000,16200,introducing limited edition summer peptide lip tints see june 20th 9am pt,13.0,mp4,0,Day & Night Rhode Skincare Routine
2024-06-13 22:57:13+00:00,410,84,6307,@Namvo,,197100,255,creamy lightweight formula melts smoothly  pocket blush,32.0,mp4,16,Lip Tint Application & Formula
2024-06-13 20:37:11+00:00,511,88,6064,,,120700,135,get ready hb ft pocket blush,195.0,mp4,2,Rhode Pop-Up Event & New Products
2024-06-13 19:19:30+00:00,2108,102,25400,@DANIELLE,,470500,1190,pocket blush shade piggy available june 20th 9am pt,39.0,mp4,7,Pocket Blush Shades
2024-06-13 17:22:13+00:00,117,47,7000,@paloma,,138800,47,ready teddy elsesser applies pocket blush shade toasted teddy glowy flush bronze terracotta hydrates skin baby soft cheeks get june 20th 9am pt,6.0,mp4,6,Lip Tint Pop-Up
2024-06-13 16:08:30+00:00,252,65,6579,,,106600,128,love pocket blush,5.0,mp4,5,Rhode Summer Lip Tints and Pocket Blush
2024-06-12 22:50:16+00:00,529,73,17800,@Alex,,210600,202,sip hot pink consani wears pocket blush shade juice box,6.0,mp4,4,Rhode Pocket Blush Shades in NYC
2024-06-12 22:10:42+00:00,139,31,3664,@The,,96400,54,pocket blush try join waitlist rhodeskincom,50.0,mp4,13,Lip Tint & Case Waitlist
2024-06-12 19:26:21+00:00,335,76,20100,,,290100,91,little bts pocket blush shoot,7.0,mp4,2,Rhode Pop-Up Event & New Products
2024-06-12 18:11:53+00:00,686,56,9576,@stephhui,,164400,511,pocket blush arriving june 20th 9am pt,53.0,mp4,7,Pocket Blush Shades
2024-06-12 17:22:09+00:00,2062,235,106600,,,1600000,680,testing tapping trying years making pocket blush almost wait get little flushed,27.0,mp4,4,Rhode Pocket Blush Shades in NYC
2024-06-11 22:25:21+00:00,244,58,3072,,,116300,118,six everyday shades pocket blush arrives june 20th 9am pt,33.0,mp4,7,Pocket Blush Shades
2024-06-11 18:50:24+00:00,1840,144,48800,@Alex,,272100,577,serving blush consani,31.0,mp4,9,Products for Summer Makeup Look
2024-06-11 17:01:44+00:00,1535,187,20300,@Danielle,,280700,1155,estrada swatches six shades pocket blush ariving june 20th 9am pt,91.0,mp4,7,Pocket Blush Shades
2024-06-11 16:30:13+00:00,534,98,11900,,,169800,325,creamy blush satiny buildable color pocket blush coming june 20th 9am pt,12.0,mp4,7,Pocket Blush Shades
2024-06-11 16:05:40+00:00,483,115,13900,,,189100,315,small enough fit pocket powerful enough wake cheeks,7.0,mp4,1,Rhode Lip Products & Shades
2024-06-10 16:52:09+00:00,3483,329,39100,@Michaela,,602300,2997,six little swatches pocket blush launching june 20th 9am pt,57.0,mp4,7,Pocket Blush Shades
2024-06-10 16:39:56+00:00,2810,409,76100,,,650200,2384,six everyday shades juice box hot pink toasted teddy bronze terracotta spicy marg bright coral piggy baby pink sleepy girl soft mauve freckle neutral peach,,jpeg,7,Pocket Blush Shades
2024-06-10 16:19:05+00:00,5043,706,131300,,,1300000,6826,meet pocket blush arriving june 20th 9am pt,17.0,mp4,7,Pocket Blush Shades
2024-06-10 16:05:07+00:00,9041,1197,168100,,,2800000,8242,hb swatches six shades pocket blush launching june 20th 9am pt,178.0,mp4,7,Pocket Blush Shades
2024-06-10 15:08:55+00:00,703,335,27200,,,244500,654,little blush little flush,15.0,mp4,7,Pocket Blush Shades
2024-06-09 20:04:53+00:00,385,114,11700,,,201900,314,tap tap tap got something exciting tell tomorrow,18.0,mp4,14,Lip & Skincare Products
2024-06-09 17:38:39+00:00,1582,586,69200,,,599800,2858,dreams come true tomorrow,10.0,mp4,16,Lip Tint Application & Formula
2024-06-09 16:12:40+00:00,532,256,25100,,,234100,406,cheek peek something landed rhode hq,,jpeg,16,Lip Tint Application & Formula
2024-06-08 16:02:24+00:00,2683,734,117700,,,1000000,2343,‚Äô listening,13.0,mp4,8,Pineapple Refresh Cleanser
2024-06-07 23:30:09+00:00,2547,103,123000,,,1500000,838,summer espresso,7.0,mp4,9,Products for Summer Makeup Look
2024-06-07 18:42:11+00:00,2612,236,65600,@Matilda,,705500,1508,djerf,8.0,mp4,10,Rhode Glazing Milk & Reviews
2024-06-07 16:14:51+00:00,180,41,3707,,,116500,33,rhode press meet award winning products editors talking,,jpeg,4,Rhode Pocket Blush Shades in NYC
2024-06-06 22:46:16+00:00,742,58,14900,@mobina,,186700,230,get unready rhode kit,15.0,mp4,2,Rhode Pop-Up Event & New Products
2024-06-06 16:04:30+00:00,432,44,4672,,,108600,137,shades summer,11.0,mp4,13,Lip Tint & Case Waitlist
2024-06-05 22:35:36+00:00,226,35,4353,@Kristina‚Äôs,,128600,42,summer makeup look ft glazing milk glaze brc  lip tint shade toast,37.0,mp4,11,Skincare & Makeup Routine Recommendations
2024-06-05 16:05:23+00:00,249,37,3883,@isabellemathers,,119000,51,winding  rhode kit,35.0,mp4,9,Products for Summer Makeup Look
2024-06-04 20:39:33+00:00,18700,3544,658900,@Hailey,,6700000,17600,bieber,17.0,mp4,16,Lip Tint Application & Formula
2024-06-04 16:37:59+00:00,678,153,18200,,,252800,415,itty bitty bits may ps working hard new things coming soon,,jpeg,9,Products for Summer Makeup Look
2024-06-03 18:41:42+00:00,151,39,4438,@Hair,,161300,60,weekend miami rhode booth  tips | beauty | lifestyle,8.0,mp4,5,Rhode Summer Lip Tints and Pocket Blush
2024-06-03 16:26:50+00:00,632,87,12500,@Hailey,,223300,136,go glow bieber,59.0,mp4,4,Rhode Pocket Blush Shades in NYC
2024-06-02 18:42:55+00:00,111,38,2404,,,86800,94,rhode booth takes miami recap day one,33.0,mp4,6,Lip Tint Pop-Up
2024-06-02 16:49:38+00:00,1257,87,69600,,,739300,383,keeping lip tint summer ?,10.0,mp4,13,Lip Tint & Case Waitlist
2024-06-01 23:31:54+00:00,198,62,5013,@Rebeca,,108600,84,rhode booth takes miami lupi,15.0,mp4,6,Lip Tint Pop-Up
2024-06-01 21:18:06+00:00,184,64,5934,,,111300,212,rhode booth miami come visit us weekend take pics get peptide lip tint june 1st & 2nd 12pm 8pm et miami design district 95 ne 40th st miami fl 33137,16.0,mp4,6,Lip Tint Pop-Up
2024-06-01 16:09:33+00:00,506,29,5806,@Amaya‚ô°‚Äôs,,106700,88,4 step summer glow,31.0,mp4,2,Rhode Pop-Up Event & New Products
2024-05-31 23:00:12+00:00,337,23,4988,,,95800,52,24hrs rhode,,jpeg,3,Rhode Kit & Event
2024-05-31 20:05:34+00:00,2856,66,24800,@aminaoui,,421600,374,hb summer mani,19.0,mp4,13,Lip Tint & Case Waitlist
2024-05-31 16:10:34+00:00,2815,333,82300,,,934800,653,hb hydration routine 31000 feet peptide glazing fluid draw water face oil lasting moisture sheet mask seal swipe peptide lip treatment,50.0,mp4,14,Lip & Skincare Products
2024-05-30 21:20:09+00:00,307,48,5683,@sophiess,,83300,48,lip tint touch ups,7.0,mp4,13,Lip Tint & Case Waitlist
2024-05-30 18:47:00+00:00,221,25,2386,,,50700,50,taste rhode summer,5.0,mp4,9,Products for Summer Makeup Look
2024-05-30 16:14:20+00:00,146,51,2572,,,56200,134,rhode booth tour next stop miami rhode booth going tour summer stopping miami weekend come take pics get peptide lip tint june 1st & 2nd 12pm 8pm et miami design district 95 ne 40th st miami fl 33137,9.0,mp4,6,Lip Tint Pop-Up
2024-05-29 20:23:10+00:00,70,25,1470,@gayle,,55200,10,alexis skin prep routine ft glazing milk lip tint shade toast,22.0,mp4,11,Skincare & Makeup Routine Recommendations
2024-05-29 19:26:42+00:00,131,14,1393,,,41300,35,rhode seaside,,jpeg,3,Rhode Kit & Event
2024-05-29 16:06:54+00:00,165,16,2097,@Cl√©mence,,67800,40,rhode unpacked essentials keeps bubble bag,20.0,mp4,3,Rhode Kit & Event
2024-05-28 21:03:59+00:00,127,35,2052,,,60400,92,meetings,,jpeg,0,Day & Night Rhode Skincare Routine
2024-05-28 17:51:06+00:00,94,12,1377,,,42400,39,rhode afloat,11.0,mp4,10,Rhode Glazing Milk & Reviews
2024-05-28 16:03:24+00:00,52,19,1139,@Amadiah,,31400,14,keep lip treat close summer hydrated pillowy soft lips day night  yehudah,12.0,mp4,1,Rhode Lip Products & Shades
2024-05-27 20:50:42+00:00,296,35,7928,,,82100,93,summer treat,13.0,mp4,13,Lip Tint & Case Waitlist
2024-05-27 16:08:33+00:00,265,40,4452,,,59500,144,rhode summer saves,9.0,mp4,2,Rhode Pop-Up Event & New Products
2024-05-26 20:42:09+00:00,140,24,2210,@ines_lblc,,43700,67,summer espresso wears peptide lip tint shade espresso cool swipe hydration glossy rich brown sheen,8.0,mp4,1,Rhode Lip Products & Shades
2024-05-26 16:08:04+00:00,379,35,5667,@Drea,,96500,263,rhode rotation swatches four peptide lip tints,20.0,mp4,1,Rhode Lip Products & Shades
2024-05-25 18:45:26+00:00,61,13,982,@Juju,,34200,12,blues,7.0,mp4,0,Day & Night Rhode Skincare Routine
2024-05-25 17:08:26+00:00,85,18,1859,@tamara_okah,,40300,23,ultimate barrier nourishment,28.0,mp4,1,Rhode Lip Products & Shades
2024-05-25 16:11:30+00:00,87,18,1771,@Carla,,36600,31,rhode postcard greetings italy ginola,12.0,mp4,13,Lip Tint & Case Waitlist
2024-05-24 17:29:22+00:00,165,65,4904,,,56000,44,rhode unboxings,14.0,mp4,14,Lip & Skincare Products
2024-05-24 16:04:59+00:00,102,14,2266,,,34600,24,sun glazed salty summer skin duo,9.0,mp4,14,Lip & Skincare Products
2024-05-23 20:44:56+00:00,139,23,2797,,,43000,37,rhode summer starts,9.0,mp4,2,Rhode Pop-Up Event & New Products
2024-05-23 18:14:23+00:00,153,26,3089,@Thu,,49600,45,summer glaze ft rhode kit | career advice,17.0,mp4,11,Skincare & Makeup Routine Recommendations
2024-05-23 16:05:25+00:00,117,26,1609,,,31300,73,rhode tastes like summer,12.0,mp4,9,Products for Summer Makeup Look
2024-05-22 20:13:36+00:00,65,20,1130,,,33900,22,take us summer,17.0,mp4,2,Rhode Pop-Up Event & New Products
2024-05-22 18:09:19+00:00,124,13,1563,,,26800,25,go rhode,,jpeg,15,Rhode Products & International Shipping
2024-05-22 16:24:00+00:00,147,26,7253,,,90200,52,rhode run ‚Äç,6.0,mp4,3,Rhode Kit & Event
2024-05-21 20:26:36+00:00,159,33,2304,@Yas,,49300,67,lip tint try | beauty content creator,20.0,mp4,2,Rhode Pop-Up Event & New Products
2024-05-21 18:28:40+00:00,576,57,10400,,,97500,229,bubble case summer manis,,jpeg,13,Lip Tint & Case Waitlist
2024-05-21 16:07:33+00:00,124,25,1590,@‚ú®V,,36400,10,favorite rhode hacks,39.0,mp4,3,Rhode Kit & Event
2024-05-20 20:19:14+00:00,131,24,2869,,,50200,22,rhode en route,15.0,mp4,15,Rhode Products & International Shipping
2024-05-20 18:46:51+00:00,682,50,10100,,,77300,103,‚Äô bag summer,,jpeg,13,Lip Tint & Case Waitlist
2024-05-20 16:06:43+00:00,74,21,1714,,,33500,24,rhode unpacked rhode kit comes bundled bubble bag perfectly sized hold essentials,22.0,mp4,3,Rhode Kit & Event
2024-05-19 19:32:19+00:00,116,29,2248,,,38500,28,almost summertime,15.0,mp4,4,Rhode Pocket Blush Shades in NYC
2024-05-19 17:55:37+00:00,157,22,4473,,,49700,47,summer skin duo,,jpeg,13,Lip Tint & Case Waitlist
2024-05-19 16:09:56+00:00,379,48,6613,@Freya,,70300,85,way tidy,7.0,mp4,6,Lip Tint Pop-Up
2024-05-18 19:39:02+00:00,274,37,4582,,,66600,34,rhode rinse repeat,23.0,mp4,3,Rhode Kit & Event
2024-05-18 18:30:46+00:00,155,27,2350,,,36200,41,treat tint spf,,jpeg,0,Day & Night Rhode Skincare Routine
2024-05-18 16:10:01+00:00,117,17,2476,@Amy,,40300,25,everyday glaze morris,25.0,mp4,11,Skincare & Makeup Routine Recommendations
2024-05-17 19:26:29+00:00,96,27,3583,@tamara_okah,,52500,20,peptide lip tints,,jpeg,14,Lip & Skincare Products
2024-05-17 16:05:38+00:00,110,24,2561,@Lera,,38700,31,lip tint shade raspberry jelly,7.0,mp4,1,Rhode Lip Products & Shades
2024-05-16 18:35:12+00:00,1764,58,24900,@Hannah,,268700,952,juneva lip tints four sheer buildable shades leave lips naturally plump hydrated nourished within,29.0,mp4,1,Rhode Lip Products & Shades
2024-05-15 19:34:28+00:00,110,32,2785,@Ellie,,64800,79,keep lip close delphine,7.0,mp4,1,Rhode Lip Products & Shades
2024-05-15 17:36:56+00:00,41,15,1304,@Rheanna,,37300,23,rhode night ft lip tints,7.0,mp4,2,Rhode Pop-Up Event & New Products
2024-05-15 16:44:22+00:00,246,57,5599,,,67500,30,summer skin loading‚Ä¶,,jpeg,13,Lip Tint & Case Waitlist
2024-05-14 19:43:36+00:00,176,28,2800,,,52100,40,keep lip tint treat close,,jpeg,1,Rhode Lip Products & Shades
2024-05-14 18:23:34+00:00,361,44,7661,@Diana,,78400,87,lip tint shade espresso cup espresso side,6.0,mp4,9,Products for Summer Makeup Look
2024-05-14 16:06:20+00:00,149,19,1836,@Skinfluencer,,41300,28,reaches rhode kit get barrier summer ready,59.0,mp4,2,Rhode Pop-Up Event & New Products
2024-05-13 20:49:45+00:00,551,40,7589,@isabellemathers,,108900,104,hydrated skin key perfect makeup base uses glazing milk brc,33.0,mp4,9,Products for Summer Makeup Look
2024-05-13 18:11:58+00:00,5380,256,181200,@madison,,1600000,1050,peptide lip treatment,29.0,mp4,14,Lip & Skincare Products
2024-05-13 16:03:36+00:00,135,23,1980,@Melissa,,43200,40,christine spring lip combo using lip tint shade espresso,16.0,mp4,13,Lip Tint & Case Waitlist
2024-05-12 21:03:37+00:00,115,28,1945,@kader_bztg,,51100,29,cup rhode,10.0,mp4,9,Products for Summer Makeup Look
2024-05-12 18:20:09+00:00,219,46,5336,@Fathia,,61100,37,/ ŸÅÿ™ÿ≠Ÿäÿ©,18.0,mp4,13,Lip Tint & Case Waitlist
2024-05-11 20:53:47+00:00,68,40,2033,@CeCe,,66500,28,go gloss velvety smooth hydrated lips,11.0,mp4,2,Rhode Pop-Up Event & New Products
2024-05-11 18:41:21+00:00,5342,445,116200,,,632100,3551,rhode jackpot,,jpeg,3,Rhode Kit & Event
2024-05-11 16:05:02+00:00,101,27,3674,@keliamoniz,,69900,20,rhode close friends mother day weekend,26.0,mp4,5,Rhode Summer Lip Tints and Pocket Blush
2024-05-10 20:09:49+00:00,143,39,3367,@Kelly,,85400,18,glazed head toe  glazing milk,32.0,mp4,14,Lip & Skincare Products
2024-05-10 16:02:57+00:00,210,69,6065,,,77200,56,shades summer,,jpeg,13,Lip Tint & Case Waitlist
2024-05-09 23:24:44+00:00,305,54,10300,@Cassie,,146800,91,yesterday la rhode booth,8.0,mp4,6,Lip Tint Pop-Up
2024-05-09 16:17:19+00:00,143,75,3636,,,65600,38,rhode booth takes la thank everyone stopped yesterday,37.0,mp4,6,Lip Tint Pop-Up
2024-05-09 02:40:35+00:00,2202,374,75600,,,626500,1812,rhode booth la thank everyone stopped,19.0,mp4,6,Lip Tint Pop-Up
2024-05-08 20:43:04+00:00,884,192,37300,,,284000,127,hb rhode booth,,jpeg,16,Lip Tint Application & Formula
2024-05-08 20:07:06+00:00,224,87,6763,,,93900,230,hi la rhode booth arrived today stop rhode booth cute pic peptide lip tint 11am 7pm 8575 melrose ave west hollywood ca 90069,14.0,mp4,16,Lip Tint Application & Formula
2024-05-08 17:56:01+00:00,11000,706,263800,,,2500000,4652,four shades together peptide lip tints back,9.0,mp4,13,Lip Tint & Case Waitlist
2024-05-07 22:54:20+00:00,3628,739,66800,,,573300,9335,hi los angeles rhode booth making stops coming la first stop tomorrow cute pic peptide lip tint may 8th 11am 7pm 8575 melrose ave west hollywood ca 90069,12.0,mp4,16,Lip Tint Application & Formula
2024-05-07 19:49:52+00:00,391,42,4522,,,64300,68,squeeze swipe tint shine peptide lip tints back tomorrow including set four shades see 9am pt,,jpeg,13,Lip Tint & Case Waitlist
2024-05-07 18:32:13+00:00,156,47,2643,@damarisarely_,,57200,87,replying lip tint set coming back tomorrow 9am pt,15.0,mp4,13,Lip Tint & Case Waitlist
2024-05-06 21:20:16+00:00,2050,71,28100,@marta,,243000,1098,ribbon en route p√©rez ),8.0,mp4,15,Rhode Products & International Shipping
2024-05-06 17:08:00+00:00,530,49,12800,,,126500,171,choose tint,,jpeg,6,Lip Tint Pop-Up
2024-05-06 16:13:06+00:00,96,13,1537,@Kristina,,47800,29,get ready  rhode,44.0,mp4,2,Rhode Pop-Up Event & New Products
2024-05-05 20:00:21+00:00,2753,206,47200,,,268300,1431,f1 girlies rhode,,jpeg,3,Rhode Kit & Event
2024-05-05 17:53:10+00:00,223,13,2864,,,52200,129,rhode rotation,5.0,mp4,15,Rhode Products & International Shipping
2024-05-05 16:04:45+00:00,194,22,3695,,,59700,34,chilled red peptide lip tint shade raspberry jelly gives lips burst refreshing hydration leaving glossy crushed berry finish,,jpeg,1,Rhode Lip Products & Shades
2024-05-04 19:56:19+00:00,91,21,2798,@Marie,,58300,37,gaguech espresso go,15.0,mp4,14,Lip & Skincare Products
2024-05-04 19:01:12+00:00,91,14,1672,@llola.rosalie,,38900,22,get ready rhode,38.0,mp4,2,Rhode Pop-Up Event & New Products
2024-05-04 16:08:02+00:00,13100,674,230700,,,2300000,5874,four sheer buildable shades melt onto lips rich glossy finish peptide lip tints lip tint set back may 8th 9am pt,8.0,mp4,1,Rhode Lip Products & Shades
2024-05-03 19:27:45+00:00,956,148,29300,,,232000,463,diving summer lip tints back may 8th 9am pt,6.0,mp4,13,Lip Tint & Case Waitlist
2024-05-03 18:08:20+00:00,525,70,11300,,,112100,289,take tint peptide lip tints return may 8th including set four shades join waitlist rhodeskincom,,jpeg,13,Lip Tint & Case Waitlist
2024-05-03 16:08:37+00:00,111,25,1707,,,40000,60,rhode rotation peptide lip tints return may 8th including set four shades join waitlist rhodeskincom,29.0,mp4,13,Lip Tint & Case Waitlist
2024-05-02 20:24:10+00:00,248,27,3834,,,50700,68,ready summer,,jpeg,2,Rhode Pop-Up Event & New Products
2024-05-02 17:17:40+00:00,68,13,1339,@Cheyenne,,36100,16,routine always looks forward,36.0,mp4,8,Pineapple Refresh Cleanser
2024-05-02 16:05:59+00:00,557,50,15300,,,114700,72,making rhode booth,,jpeg,16,Lip Tint Application & Formula
2024-05-01 19:15:32+00:00,495,81,13000,,,124900,150,rhode love,,jpeg,11,Skincare & Makeup Routine Recommendations
2024-05-01 17:51:28+00:00,188,27,3685,,,56600,59,reminder summer right around corner,8.0,mp4,9,Products for Summer Makeup Look
2024-05-01 16:11:21+00:00,150,35,2819,,,45900,71,rhode phonebook,13.0,mp4,14,Lip & Skincare Products
2024-04-30 19:06:01+00:00,469,66,12800,@leah,,105700,62,halton uses barrier restore cream hydrated skin key perfect makeup base,26.0,mp4,9,Products for Summer Makeup Look
2024-04-30 16:14:03+00:00,159,36,4045,,,50200,27,summer,,jpeg,13,Lip Tint & Case Waitlist
2024-04-29 22:05:17+00:00,144,19,2794,@livmanni,,41900,40,start day  rhode,10.0,mp4,16,Lip Tint Application & Formula
2024-04-29 19:04:28+00:00,161,17,2331,@kel__king,,37100,27,4 daily skin essentials,60.0,mp4,8,Pineapple Refresh Cleanser
2024-04-29 16:54:17+00:00,3936,597,96400,,,724300,1350,rhode work come along little tour la office,30.0,mp4,6,Lip Tint Pop-Up
2024-04-28 19:23:04+00:00,126,27,2274,,,40800,27,rhode summer ready,,jpeg,2,Rhode Pop-Up Event & New Products
2024-04-28 18:25:01+00:00,1206,95,25700,,,162900,581,lip tint love,,jpeg,13,Lip Tint & Case Waitlist
2024-04-28 16:07:27+00:00,168,33,3514,@stephhui,,70700,113,lip case,5.0,mp4,13,Lip Tint & Case Waitlist
2024-04-27 19:42:03+00:00,368,52,9953,@Tyanna,,199500,98,plump soft glazed  gold uses lip treat rhode vanilla,11.0,mp4,14,Lip & Skincare Products
2024-04-27 18:22:51+00:00,377,54,11300,@Hailey,,92900,95,bieber ‚Äç,,jpeg,16,Lip Tint Application & Formula
2024-04-27 16:00:53+00:00,188,38,5513,@sophiess,,140800,113,lip case,9.0,mp4,13,Lip Tint & Case Waitlist
2024-04-26 19:17:01+00:00,133,30,3170,,,46900,39,rhode vanilla 4ever,6.0,mp4,15,Rhode Products & International Shipping
2024-04-26 17:52:16+00:00,605,31,9031,@dylan,,67600,112,favorite things,5.0,mp4,3,Rhode Kit & Event
2024-04-26 16:38:36+00:00,79,15,2564,,,39800,20,rhode vanilla,31.0,mp4,15,Rhode Products & International Shipping
2024-04-25 21:44:13+00:00,43,23,997,@Maya2222,,28000,11,day night essentials,,jpeg,0,Day & Night Rhode Skincare Routine
2024-04-25 18:04:03+00:00,352,32,6012,@Elies,,93500,189,fresh frosted glazed uses peptide lip treatment rhode vanilla,7.0,mp4,14,Lip & Skincare Products
2024-04-25 16:33:59+00:00,140,29,1841,@BUNNY‚Äôs,,34100,29,gentle nourishing rhode kit routine,79.0,mp4,11,Skincare & Makeup Routine Recommendations
2024-04-24 19:55:36+00:00,467,49,12000,@Matilda,,105300,49,djerf rhode vanilla lip treat,,jpeg,14,Lip & Skincare Products
2024-04-24 17:57:45+00:00,958,126,28600,,,235200,320,rhode vanilla smells like,,jpeg,15,Rhode Products & International Shipping
2024-04-24 16:02:33+00:00,5198,485,139000,,,801600,3117,serving rhode vanilla requested peptide lip treatment returned dig rhodeskincom,16.0,mp4,14,Lip & Skincare Products
2024-04-23 21:19:18+00:00,268,86,3935,,,44100,66,rhode vanilla mood,16.0,mp4,15,Rhode Products & International Shipping
2024-04-23 19:46:11+00:00,2293,147,55500,,,342900,491,rhode sightings lip treat rhode vanilla,,jpeg,15,Rhode Products & International Shipping
2024-04-23 16:07:49+00:00,260,142,6266,,,66000,141,‚Äô listening,11.0,mp4,8,Pineapple Refresh Cleanser
2024-04-22 21:29:44+00:00,99,32,2592,,,40000,29,rhode line,,jpeg,14,Lip & Skincare Products
2024-04-22 17:54:08+00:00,136,12,2210,@Sarah,,39100,45,say way lysander,11.0,mp4,12,Pineapple Refresh Cleanser Formula
2024-04-22 16:04:38+00:00,196,30,8637,@Meredith,,124700,20,get unready duxbury ft peptide lip tint shade ribbon,8.0,mp4,2,Rhode Pop-Up Event & New Products
2024-04-21 22:24:45+00:00,87,14,1119,@Lotte,,27000,12,wake rhode ‚Äç elizabeth,,jpeg,11,Skincare & Makeup Routine Recommendations
2024-04-21 19:00:53+00:00,99,23,2297,@Gacia‚Äôs,,42100,14,vacation skincare routine pineapple refresh glazing milk swipe lip treat,28.0,mp4,14,Lip & Skincare Products
2024-04-21 16:01:00+00:00,123,24,2265,,,39100,29,ingredient spotlight beta glucan find glazing milk nutrient rich essence,,jpeg,0,Day & Night Rhode Skincare Routine
2024-04-20 23:03:22+00:00,107,24,1911,@Shannon,,36600,16,hydrated skin key perfect makeup base zhao rhode kit,55.0,mp4,9,Products for Summer Makeup Look
2024-04-20 18:14:41+00:00,132,38,3699,@Mandy,,47900,36,madden kelley,6.0,mp4,6,Lip Tint Pop-Up
2024-04-19 17:30:24+00:00,118,30,4140,@Emili,,69100,10,get coin choose tint snap pic  sindlev,7.0,mp4,3,Rhode Kit & Event
2024-04-19 16:02:32+00:00,139,20,2481,@meghan,,45000,26,festival season ft rhode currie,,jpeg,10,Rhode Glazing Milk & Reviews
2024-04-18 20:29:24+00:00,148,49,2919,@pinaydora,,61500,80,inside rhode kit,10.0,mp4,3,Rhode Kit & Event
2024-04-18 18:43:35+00:00,2329,64,26700,@Elies,,210100,551,ootw  lip case,13.0,mp4,13,Lip Tint & Case Waitlist
2024-04-18 16:17:45+00:00,102,19,2827,@Charlotte,,56600,14,pineapple refresh take waterproof sunscreen palermino puts test uv camera,76.0,mp4,15,Rhode Products & International Shipping
2024-04-17 18:38:05+00:00,345,46,7321,@Kika,,102200,104,rhode sightings  cerqueira gomes lip case,11.0,mp4,2,Rhode Pop-Up Event & New Products
2024-04-17 16:09:28+00:00,3076,125,74900,,,396300,513,spring break,,jpeg,15,Rhode Products & International Shipping
2024-04-16 20:43:42+00:00,155,33,4343,,,65600,26,rhode booth love,,jpeg,16,Lip Tint Application & Formula
2024-04-16 18:04:06+00:00,2833,479,75400,,,634700,1092,skin bottle,,jpeg,10,Rhode Glazing Milk & Reviews
2024-04-16 16:10:14+00:00,158,20,2744,,,44400,43,spring mood,16.0,mp4,16,Lip Tint Application & Formula
2024-04-15 22:44:15+00:00,140,35,3478,@livmanni,,54500,16,rhode booth,,jpeg,16,Lip Tint Application & Formula
2024-04-15 21:16:52+00:00,259,72,8582,,,94600,61,weekend hb desert,,jpeg,5,Rhode Summer Lip Tints and Pocket Blush
2024-04-15 19:06:40+00:00,1477,192,48000,,,382300,457,rhode booth,21.0,mp4,16,Lip Tint Application & Formula
2024-04-14 23:03:45+00:00,4899,1437,139800,,,885900,1479,come inside rhode booth,,jpeg,16,Lip Tint Application & Formula
2024-04-14 20:59:46+00:00,395,85,11600,,,97400,158,rhode booth takes desert,31.0,mp4,2,Rhode Pop-Up Event & New Products
2024-04-13 18:48:42+00:00,185,28,2712,@laura-bettina,,62500,22,bettina lip tint shade toast,12.0,mp4,13,Lip Tint & Case Waitlist
2024-04-13 16:57:38+00:00,612,61,15200,@sophiess,,188300,368,mornings rhode,19.0,mp4,3,Rhode Kit & Event
2024-04-13 14:57:02+00:00,256,26,3861,,,79000,64,cold brew peptide lip tint shade espresso glossy wash rich brown revives dry lips powerful hydration,,jpeg,1,Rhode Lip Products & Shades
2024-04-13 04:56:55+00:00,5435,611,150500,,,1000000,4048,rhode booth take pics get lip tint headed desert weekend coming new stops soon,20.0,mp4,2,Rhode Pop-Up Event & New Products
2024-04-12 18:23:54+00:00,276,41,3519,@Madison,,60100,72,morning hydration amateau,25.0,mp4,14,Lip & Skincare Products
2024-04-12 16:14:45+00:00,264,59,4772,,,74300,49,headed desert warm weather essentials,,jpeg,12,Pineapple Refresh Cleanser Formula
2024-04-11 23:12:01+00:00,345,54,7094,,,113500,207,lip case unboxing bubble phone case hugs favorite rhode lip take everywhere,7.0,mp4,13,Lip Tint & Case Waitlist
2024-04-11 19:04:42+00:00,227,26,3461,@Alissajanay,,59100,51,springtime makeup skin prep glazing milk glaze brc bright pop color eyes lip tint shade ribbon,50.0,mp4,11,Skincare & Makeup Routine Recommendations
2024-04-11 16:04:02+00:00,2106,515,91400,,,889600,456,hb routine dewy springy glow,66.0,mp4,5,Rhode Summer Lip Tints and Pocket Blush
2024-04-10 19:25:31+00:00,156,40,5049,,,70800,21,rhode sightings  lip case,,jpeg,13,Lip Tint & Case Waitlist
2024-04-10 18:08:28+00:00,70,22,842,,,33900,37,spring essentials,4.0,mp4,16,Lip Tint Application & Formula
2024-04-10 16:22:45+00:00,35300,415,244300,@Zola,,2300000,6014,hb pink jelly glazed mani,49.0,mp4,14,Lip & Skincare Products
2024-04-09 20:22:38+00:00,9022,640,247900,,,3800000,3612,hb lip tints 4 shades available rhodeskincom,13.0,mp4,13,Lip Tint & Case Waitlist
2024-04-09 17:07:19+00:00,152,31,3023,,,67600,107,made lip case lip tints 4 shades back rhodeskincom,12.0,mp4,13,Lip Tint & Case Waitlist
2024-04-09 16:04:34+00:00,316,63,5895,,,84200,248,choose tint lip case lip tints back rhodeskincom,5.0,mp4,13,Lip Tint & Case Waitlist
2024-04-08 20:14:53+00:00,1813,131,35500,,,269500,992,lip tints coming back tomorrow ribbon raspberry jelly toast espresso,16.0,mp4,1,Rhode Lip Products & Shades
2024-04-08 17:46:23+00:00,269,35,3815,,,53200,87,raspberry jelly mood,10.0,mp4,6,Lip Tint Pop-Up
2024-04-08 16:15:35+00:00,74,20,2072,,,47600,13,lip case back tomorrow 9am pt,,jpeg,13,Lip Tint & Case Waitlist
2024-04-07 20:42:40+00:00,1582,149,40200,,,404900,888,see april 9th 9am pt join waitlist rhodeskincom,5.0,mp4,13,Lip Tint & Case Waitlist
2024-04-07 18:04:58+00:00,8023,182,89600,@Bella,,952400,2128,perfect rose taupe  lip tint shade toast,25.0,mp4,1,Rhode Lip Products & Shades
2024-04-07 16:11:42+00:00,345,28,3981,,,54300,92,espresso mood,10.0,mp4,6,Lip Tint Pop-Up
2024-04-06 22:43:29+00:00,339,36,7346,,,98200,151,lip tint shade espresso,5.0,mp4,13,Lip Tint & Case Waitlist
2024-04-06 19:39:23+00:00,160,32,3221,,,92000,61,rose taupe,,jpeg,1,Rhode Lip Products & Shades
2024-04-06 18:45:17+00:00,319,33,5773,,,78600,66,toast mood,11.0,mp4,6,Lip Tint Pop-Up
2024-04-06 16:08:25+00:00,278,23,4202,@Mariah,,68900,100,clayton lip tints back april 9th 9am pt,64.0,mp4,13,Lip Tint & Case Waitlist
2024-04-05 17:34:48+00:00,512,132,6047,,,81000,189,ribbon mood,13.0,mp4,2,Rhode Pop-Up Event & New Products
2024-04-05 16:04:44+00:00,81,31,2091,@The,,85700,43,laroi lip case,,jpeg,13,Lip Tint & Case Waitlist
2024-04-04 22:51:35+00:00,1054,59,15700,@Bettina,,182900,317,choose mood,,jpeg,6,Lip Tint Pop-Up
2024-04-04 18:16:49+00:00,207,36,2779,,,91300,52,hb lip case back april 9th 9am pt,,jpeg,13,Lip Tint & Case Waitlist
2024-04-04 16:07:53+00:00,1399,154,31000,,,340500,868,fresh batch peptide lip tints lip cases way see april 9th 9am pt,11.0,mp4,6,Lip Tint Pop-Up
2024-04-03 21:45:38+00:00,117,31,2551,@Aida,,65500,28,abdykashova 4 step routine ft rhode kit,12.0,mp4,11,Skincare & Makeup Routine Recommendations
2024-04-03 18:25:17+00:00,263,33,4516,@Hailey,,94400,60,rhode care perioral dermatitis  bieber routine treating soothing flare ft glazing milk,53.0,mp4,14,Lip & Skincare Products
2024-04-03 16:31:29+00:00,7316,1137,198300,@L√≠via,,1200000,2396,daily hydration essentials marques uses pineapple refresh glazing milk glaze brc peptide lip treat,40.0,mp4,14,Lip & Skincare Products
2024-04-02 21:14:50+00:00,98,28,2217,@Kenza,,53800,17,rhode kit first impressions hall,165.0,mp4,16,Lip Tint Application & Formula
2024-04-02 19:01:45+00:00,148,29,3379,@ALEX,,59500,63,right rivi√®re,7.0,mp4,1,Rhode Lip Products & Shades
2024-04-02 17:35:00+00:00,90,14,2239,,,39100,16,bts tina,10.0,mp4,2,Rhode Pop-Up Event & New Products
2024-04-01 21:21:27+00:00,68,15,1271,@Ro,,40200,22,rhode kit barrier loving formulas provide essential hydration skin types,84.0,mp4,14,Lip & Skincare Products
2024-04-01 19:38:15+00:00,174,31,2945,,,44700,27,glaze feels like,9.0,mp4,11,Skincare & Makeup Routine Recommendations
2024-04-01 16:49:47+00:00,129,30,2601,@jennybvby,,43700,24,multitasking essentials fit seamlessly routine,23.0,mp4,16,Lip Tint Application & Formula
2024-03-31 19:23:04+00:00,109,19,3007,@Jillian,,47000,12,sensitive skin friendly barrier loving formulas provide essential hydration skin types  lee gurley,71.0,mp4,14,Lip & Skincare Products
2024-03-30 21:38:38+00:00,245,35,4696,,,54500,50,daily essentials,,jpeg,8,Pineapple Refresh Cleanser
2024-03-30 18:19:37+00:00,249,42,6232,,,73600,74,rhode textures,12.0,mp4,3,Rhode Kit & Event
2024-03-30 16:08:19+00:00,238,27,4007,@jodes‚Äôs,,57600,52,rhode kit routine,44.0,mp4,11,Skincare & Makeup Routine Recommendations
2024-03-29 20:37:56+00:00,552,46,13400,@sam,,131800,122,wash day away nighttime routine,19.0,mp4,12,Pineapple Refresh Cleanser Formula
2024-03-29 18:09:17+00:00,1642,84,29800,,,225100,645,swipe see inside,,jpeg,3,Rhode Kit & Event
2024-03-29 16:22:04+00:00,144,29,2777,@Michaela,,39500,26,uses multitasking essentials skincare makeup routines,57.0,mp4,11,Skincare & Makeup Routine Recommendations
2024-03-28 19:42:49+00:00,125,23,3305,@alexis,,46700,16,dimaya rhode review three skincare essentials nourish barrier glazed dewy skin,46.0,mp4,14,Lip & Skincare Products
2024-03-28 17:34:25+00:00,372,39,7309,,,102100,35,one collection endless ways glaze,,jpeg,6,Lip Tint Pop-Up
2024-03-28 16:08:37+00:00,88,19,2168,@kristyn,,34600,5,hoffman ‚Äò pineapple refresh review formulated skin refreshing ingredients leave skin clean soft bouncy post rinse,112.0,mp4,6,Lip Tint Pop-Up
2024-03-27 18:30:06+00:00,110,30,3402,,,42500,22,pineapple refresh feels like,,jpeg,8,Pineapple Refresh Cleanser
2024-03-27 17:02:27+00:00,87,15,2745,,,38900,11,bottle skin,,jpeg,10,Rhode Glazing Milk & Reviews
2024-03-26 20:42:07+00:00,51,22,1415,,,36100,15,brc love available rhode kit rhodeskincom,50.0,mp4,11,Skincare & Makeup Routine Recommendations
2024-03-26 17:23:51+00:00,53,19,1603,,,28300,15,bts paris skin prep glazing milk glaze brc lip treat,25.0,mp4,14,Lip & Skincare Products
2024-03-26 16:11:34+00:00,265,24,2838,,,39400,142,reach morning evening makeup prep routines,8.0,mp4,11,Skincare & Makeup Routine Recommendations
2024-03-25 20:37:01+00:00,57,19,2004,,,36300,22,peptide glazing fluid,38.0,mp4,14,Lip & Skincare Products
2024-03-25 18:05:15+00:00,641,68,14100,,,106400,119,reset rhode,6.0,mp4,15,Rhode Products & International Shipping
2024-03-25 16:10:26+00:00,187,24,5005,,,59000,62,bts paris,7.0,mp4,14,Lip & Skincare Products
2024-03-24 20:03:58+00:00,52,30,1536,,,36400,12,glazing milk find rhode kit,49.0,mp4,11,Skincare & Makeup Routine Recommendations
2024-03-24 18:23:54+00:00,168,25,3914,@Madison,,48200,52,nighttime routine bar ft new rhode kit,30.0,mp4,9,Products for Summer Makeup Look
2024-03-24 16:08:20+00:00,424,59,10900,,,108700,126,la la la la la,,jpeg,6,Lip Tint Pop-Up
2024-03-23 20:48:03+00:00,68,25,2057,,,45500,10,pineapple refresh love find rhode kit,53.0,mp4,12,Pineapple Refresh Cleanser Formula
2024-03-23 17:12:47+00:00,242,47,5573,,,131800,72,rhode kit one everything really good hydrated glowy skin bundled rhode bubble bag rhodeskincom,,jpeg,3,Rhode Kit & Event
2024-03-22 19:52:01+00:00,1468,169,36900,@Hanna,,418400,611,sch√∂nberg rhode kit,20.0,mp4,3,Rhode Kit & Event
2024-03-22 18:18:45+00:00,125,38,2965,,,45600,41,tried true essentials find rhode kit,9.0,mp4,11,Skincare & Makeup Routine Recommendations
2024-03-22 16:06:01+00:00,105,18,2088,,,35500,25,tried true essentials rhode bubble bag rhodeskincom,28.0,mp4,3,Rhode Kit & Event
2024-03-21 23:24:20+00:00,201,27,1688,,,37200,55,get new classics rhode kit rhodeskincom,,jpeg,3,Rhode Kit & Event
2024-03-21 21:30:11+00:00,1375,141,11400,,,188100,574,hb rhode kit available rhodeskincom,92.0,mp4,13,Lip Tint & Case Waitlist
2024-03-21 20:50:38+00:00,240,58,3252,,,53200,205,meet new classics rhode kit cleanser essence gel serum moisturizer bundled rhode bubble bag,16.0,mp4,3,Rhode Kit & Event
2024-03-20 17:47:04+00:00,115,55,2502,,,36400,54,something new arrives tomorrow,9.0,mp4,8,Pineapple Refresh Cleanser
2024-03-20 17:27:03+00:00,145,22,2063,@Tsutsumi,,32200,49,espresso go hoang,11.0,mp4,5,Rhode Summer Lip Tints and Pocket Blush
2024-03-19 20:20:04+00:00,133,26,1859,,,45200,18,rhode bloom,,jpeg,15,Rhode Products & International Shipping
2024-03-19 18:05:26+00:00,162,29,6739,,,61800,21,lip case sightings,,jpeg,13,Lip Tint & Case Waitlist
2024-03-19 16:45:02+00:00,58,18,1418,@Emili,,34300,34,lip case touch ups sindlev,11.0,mp4,13,Lip Tint & Case Waitlist
2024-03-18 20:16:35+00:00,211,37,5211,,,50600,25,home rhode,,jpeg,15,Rhode Products & International Shipping
2024-03-18 18:42:47+00:00,114,19,2824,@Patricia,,54900,23,get unready rhode  san pedro,14.0,mp4,2,Rhode Pop-Up Event & New Products
2024-03-17 17:42:28+00:00,158,21,4250,@olivia,,74100,12,good base goes long way jade hydrated skin crucial long lasting makeup base glazing milk lightweight essence gives skin luminous hydration needs,72.0,mp4,0,Day & Night Rhode Skincare Routine
2024-03-16 17:01:41+00:00,100,15,1936,,,37000,10,glazing milk perfect makeup base,43.0,mp4,0,Day & Night Rhode Skincare Routine
2024-03-16 16:02:38+00:00,82,16,1706,,,30700,23,brc feels like‚Ä¶,,jpeg,11,Skincare & Makeup Routine Recommendations
2024-03-15 19:26:32+00:00,428,56,7879,@Shey,,88000,59,morning rhode routine nascimento hutzler,15.0,mp4,11,Skincare & Makeup Routine Recommendations
2024-03-15 17:57:44+00:00,121,23,2749,,,42700,41,balm lather daily pga cleanser pineapple refresh,10.0,mp4,8,Pineapple Refresh Cleanser
2024-03-15 15:48:38+00:00,1551,85,58000,,,407900,194,found us,,jpeg,14,Lip & Skincare Products
2024-03-14 21:58:29+00:00,98,32,2621,@Samantha,,46400,53,borges,8.0,mp4,9,Products for Summer Makeup Look
2024-03-14 17:30:52+00:00,136,15,2471,,,38100,16,slow start rhode,,jpeg,16,Lip Tint Application & Formula
2024-03-14 16:06:43+00:00,89,20,2169,@cathy‚Äôs,,40200,8,pineapple refresh review formulated leave skin clean soft bouncy post rinse,28.0,mp4,6,Lip Tint Pop-Up
2024-03-13 19:44:33+00:00,436,31,4943,,,73400,44,favorite rhode hacks,,jpeg,3,Rhode Kit & Event
2024-03-13 18:05:18+00:00,463,36,12100,@Sunny,,162200,65,rhode sounds like  tsao,44.0,mp4,2,Rhode Pop-Up Event & New Products
2024-03-13 16:34:34+00:00,879,51,17700,,,316800,77,little bag lots rhode,,jpeg,3,Rhode Kit & Event
2024-03-12 19:55:37+00:00,113,31,2498,@Kiana,,44300,13,hyrdated skin key perfect makeup base shares rhode essentials luminous dewy glow,46.0,mp4,9,Products for Summer Makeup Look
2024-03-12 17:41:38+00:00,115,23,2940,@pashu‚Äôs,,41800,8,5 step rhode routine pineapple refresh glazing milk peptide glazing fluid barrier restore cream peptide lip treatment,18.0,mp4,14,Lip & Skincare Products
2024-03-12 16:29:59+00:00,465,30,6555,@caitlin‚Äôs,,118100,113,raspberry jelly lip combo lip tints back early april,9.0,mp4,13,Lip Tint & Case Waitlist
2024-03-11 20:01:18+00:00,146,26,2934,@Maddie,,43800,40,rhode night,17.0,mp4,0,Day & Night Rhode Skincare Routine
2024-03-11 18:33:27+00:00,89,30,2344,,,39700,10,lip treat naturally plump pillowy soft lips day night,,jpeg,12,Pineapple Refresh Cleanser Formula
2024-03-11 16:14:14+00:00,675,20,8860,@isabellemathers‚Äôs,,78800,36,birthday glam skin prepped glazing milk brc,58.0,mp4,10,Rhode Glazing Milk & Reviews
2024-03-10 18:31:00+00:00,70,25,1609,,,38700,16,good service lip case back early april join waitlist rhodeskincom,,jpeg,13,Lip Tint & Case Waitlist
2024-03-10 17:13:38+00:00,16900,467,271200,@aminaoui,,2200000,1868,inspired lip tints,16.0,mp4,7,Pocket Blush Shades
2024-03-10 16:12:42+00:00,286,19,5512,@Nnenna,,59400,28,morning paris  rhode,12.0,mp4,14,Lip & Skincare Products
2024-03-09 20:10:51+00:00,54,25,2254,@Olabisi,,50300,9,rinse hydrate uses pineapple refresh glazing milk brc peptide lip treatment,13.0,mp4,14,Lip & Skincare Products
2024-03-09 18:54:08+00:00,541,57,11000,,,98700,46,rhode reviews,26.0,mp4,3,Rhode Kit & Event
2024-03-09 17:07:26+00:00,314,97,8915,@Hailey,,110700,46,bieber,43.0,mp4,16,Lip Tint Application & Formula
2024-03-08 22:56:00+00:00,55,25,1661,@lexpfenning,,48500,7,puts pineapple refresh test,45.0,mp4,12,Pineapple Refresh Cleanser Formula
2024-03-08 17:53:48+00:00,89,33,2687,@Siera,,52500,6,skin alexis glazed rhode,6.0,mp4,10,Rhode Glazing Milk & Reviews
2024-03-07 18:10:26+00:00,467,102,11800,,,152900,83,peptide lip treatment,9.0,mp4,14,Lip & Skincare Products
2024-03-07 17:00:02+00:00,2420,145,47400,,,299600,107,paris week,,jpeg,14,Lip & Skincare Products
2024-03-06 21:06:09+00:00,265,45,9596,@Lou,,158300,26,northcote pineapple refresh review,27.0,mp4,8,Pineapple Refresh Cleanser
2024-03-06 19:30:25+00:00,655,50,12500,,,108400,108,mornings powered rhode,,jpeg,3,Rhode Kit & Event
2024-03-06 17:19:59+00:00,111,21,2748,@laura-bettina,,48900,8,bettina preps tints using glazing milk peptide glazing fluid lip tint shade toast,19.0,mp4,14,Lip & Skincare Products
2024-03-05 22:38:43+00:00,75,24,1782,,,48000,17,kelly post shower rhode routine pineapple refresh glazing milk glaze brc lip treat,21.0,mp4,11,Skincare & Makeup Routine Recommendations
2024-03-05 21:02:04+00:00,563,66,19400,@ariana,,138300,26,get ready rhode pfw,36.0,mp4,2,Rhode Pop-Up Event & New Products
2024-03-05 17:21:15+00:00,131,24,2907,,,48800,34,rich cooling creamy goodness,10.0,mp4,4,Rhode Pocket Blush Shades in NYC
2024-03-04 21:51:00+00:00,84,31,3151,@Matilda,,50400,6,pre dinner treat djerf,,jpeg,14,Lip & Skincare Products
2024-03-04 17:00:10+00:00,123,34,3885,@Mikayla,,65300,25,post cleanse glow nogueira rinses pineapple refresh cleanser,55.0,mp4,8,Pineapple Refresh Cleanser
2024-03-03 20:44:36+00:00,152,45,3724,,,64100,15,pineapple refresh love,8.0,mp4,12,Pineapple Refresh Cleanser Formula
2024-03-03 18:26:55+00:00,661,108,23700,@Toni,,160000,94,bravo lip case lip tints back april join waitlist rhodeskincom,7.0,mp4,13,Lip Tint & Case Waitlist
2024-03-03 17:11:28+00:00,206,29,3157,@Gacia,,62900,15,wears peptide lip tint shade raspberry jelly,12.0,mp4,6,Lip Tint Pop-Up
2024-03-02 21:18:44+00:00,404,52,6473,@Camila,,80900,137,nourishing lip layer peptide lip treatment orsi,15.0,mp4,14,Lip & Skincare Products
2024-03-02 18:49:47+00:00,95,30,2677,@Endlesslyloveclub,,45400,14,wears peptide lip tint shade toast,7.0,mp4,13,Lip Tint & Case Waitlist
2024-03-02 17:13:36+00:00,123,27,2796,,,41200,15,barrier care starts three skincare essentials nourish barrier glazed dewy skin essential prep step glazing milk dewy hydration layer peptide glazing fluid rich recovery layer barrier restore cream,21.0,mp4,14,Lip & Skincare Products
2024-03-01 22:04:00+00:00,737,36,5651,@Danielle,,99500,25,recreating hb makeup look estrada rhode product breakdown skin lip prep using glazing milk peptide lip treatment swipe lip tint shade toast,150.0,mp4,14,Lip & Skincare Products
2024-03-01 20:19:23+00:00,58,21,1437,@zoe,,39500,14,rhode review,28.0,mp4,10,Rhode Glazing Milk & Reviews
2024-03-01 17:32:05+00:00,254,33,5734,,,58800,26,february wrap,,jpeg,11,Skincare & Makeup Routine Recommendations
2024-02-29 19:45:53+00:00,357,87,9046,,,97600,39,night essentials,,jpeg,0,Day & Night Rhode Skincare Routine
2024-02-29 18:15:56+00:00,4412,206,65000,,,423400,258,world rhode,,jpeg,15,Rhode Products & International Shipping
2024-02-29 16:01:49+00:00,265,34,6114,,,76700,20,espresso roast rich brown lip tint shade perfect late nights morning cup,,jpeg,9,Products for Summer Makeup Look
2024-02-28 20:48:07+00:00,3877,129,42300,,,378500,82,get look,,jpeg,2,Rhode Pop-Up Event & New Products
2024-02-28 19:01:42+00:00,156,42,3842,,,63900,55,lip service pre order rhodeskincom,10.0,mp4,13,Lip Tint & Case Waitlist
2024-02-27 21:58:04+00:00,2233,273,38800,,,484700,1470,rhode sightings  lip case,19.0,mp4,13,Lip Tint & Case Waitlist
2024-02-27 17:08:36+00:00,2888,530,65600,,,908900,968,1 800 rhodethe lip case lip tints arrived rhodeskincom,8.0,mp4,13,Lip Tint & Case Waitlist
2024-02-27 17:03:42+00:00,12700,848,288600,,,2600000,1692,never lose lip lip case lip tints 4 core colors available rhodeskincom,9.0,mp4,13,Lip Tint & Case Waitlist
2024-02-27 00:48:34+00:00,260,76,5042,,,98600,64,lip tints 4 core colors restock tomorrow 9am pt ribbon sheer pink toast rose taupe espresso rich brown raspberry jelly crushed berry,15.0,mp4,1,Rhode Lip Products & Shades
2024-02-26 22:05:00+00:00,485,149,9562,,,125300,239,lip case lip tints arrive tomorrow 9am pt,6.0,mp4,13,Lip Tint & Case Waitlist
2024-02-26 20:29:47+00:00,3744,352,83100,,,876600,608,lip tints hb restocking february 27th 9am pt,13.0,mp4,13,Lip Tint & Case Waitlist
2024-02-26 19:22:26+00:00,119,33,2335,,,60500,22,pick phone set reminder tomorrow february 27th 9am pt lip case lip tint restock go live rhodeskincom,,jpeg,13,Lip Tint & Case Waitlist
2024-02-25 22:29:05+00:00,6696,347,107700,,,1000000,975,gloss treat tint lip tints back february 27th 9am pt rhodeskincom,8.0,mp4,13,Lip Tint & Case Waitlist
2024-02-25 20:10:24+00:00,918,81,17600,@abelyn,,187300,176,peptide lip tint try back stock february 27th 9am pt,49.0,mp4,13,Lip Tint & Case Waitlist
2024-02-25 17:24:16+00:00,1124,80,15100,,,140000,223,text treat tint go,13.0,mp4,15,Rhode Products & International Shipping
2024-02-24 23:35:58+00:00,599,75,12100,,,159200,143,4 core colors back february 27th 9am pt,27.0,mp4,13,Lip Tint & Case Waitlist
2024-02-24 20:13:54+00:00,166,24,3291,@sophiess,,69900,35,lip tint touch ups wearing shade toast,12.0,mp4,13,Lip Tint & Case Waitlist
2024-02-24 18:25:53+00:00,1709,139,39700,,,378700,309,powerful treatment lip tint one lip tints back february 27th 9am pt,7.0,mp4,13,Lip Tint & Case Waitlist
2024-02-24 17:09:07+00:00,355,56,5189,,,63400,53,ribbon mood,11.0,mp4,2,Rhode Pop-Up Event & New Products
2024-02-23 21:08:54+00:00,169,35,2805,,,62900,16,get ready rhode skin prep lip tints 4 core colors back february 27th 9am pt,31.0,mp4,13,Lip Tint & Case Waitlist
2024-02-23 18:54:05+00:00,122,43,3691,,,67500,19,lip tints feature sheer buildable formula melts onto lips leaving glossy finish hint tint 4 core colors,36.0,mp4,16,Lip Tint Application & Formula
2024-02-23 17:10:01+00:00,315,47,7252,,,81200,33,warm toasty,,jpeg,16,Lip Tint Application & Formula
2024-02-22 20:33:14+00:00,114,42,2586,@eman,,65100,18,rise refresh morning rhode routine,20.0,mp4,8,Pineapple Refresh Cleanser
2024-02-22 19:17:33+00:00,243,68,9222,@Kensington,,122800,44,lip case  launching february 27th 9am pt,14.0,mp4,13,Lip Tint & Case Waitlist
2024-02-22 17:27:18+00:00,398,83,9671,,,133900,94,sheer buildable formula leaves lips glossy hydrated hint tint lip tints coming back february 27th 9am pt,9.0,mp4,1,Rhode Lip Products & Shades
2024-02-22 00:02:56+00:00,151,39,5775,@Izabel,,88600,32,ottoni lip treat,,jpeg,14,Lip & Skincare Products
2024-02-21 23:09:12+00:00,11700,990,417400,,,2900000,830,would lip cases grab february 27th 9am pt,,jpeg,13,Lip Tint & Case Waitlist
2024-02-21 18:57:08+00:00,748,74,15300,,,310500,182,lip tint try sheer buildable formula leaves lips glossy hydrated hint tint 4 core colors espresso rich brown toast rose taupe raspberry jelly crushed berry ribbon sheer pink coming back february 27th 9am pt,78.0,mp4,1,Rhode Lip Products & Shades
2024-02-20 20:57:16+00:00,406,93,8631,,,108800,72,lip tints back stock february 27th 9am pt join waitlist rhodeskincom,22.0,mp4,13,Lip Tint & Case Waitlist
2024-02-19 21:09:18+00:00,2084,137,55100,,,556100,117,rhode ingredients peptides find peptide lip treatments tints,13.0,mp4,14,Lip & Skincare Products
2024-02-19 17:57:06+00:00,119,38,2474,@ori‚Äôs,,60900,20,morning rhode routine,25.0,mp4,11,Skincare & Makeup Routine Recommendations
2024-02-18 22:06:14+00:00,84,31,1069,,,55400,36,weekend treats rhode hb strawberry glaze soft serve sundae,4.0,mp4,0,Day & Night Rhode Skincare Routine
2024-02-18 20:30:25+00:00,1864,79,20800,@Tziporah,,325700,79,lip tint shade raspberry jelly,51.0,mp4,6,Lip Tint Pop-Up
2024-02-18 18:22:44+00:00,251,26,3635,,,69200,40,mood,14.0,mp4,6,Lip Tint Pop-Up
2024-02-18 17:04:05+00:00,5406,256,93500,,,786100,558,call lip case lip tints launching together february 27th 9am pt join waitlist rhodeskincom,10.0,mp4,13,Lip Tint & Case Waitlist
2024-02-17 22:18:30+00:00,298,48,9930,,,128600,26,rhode goodies hb strawberry glaze soft serve,6.0,mp4,0,Day & Night Rhode Skincare Routine
2024-02-17 19:42:13+00:00,143,38,3364,@ronrobinsoncosmeticc:,,86100,18,rhode ingredient deep dive  next gen hyaluronic acid find pineapple refresh formula,35.0,mp4,12,Pineapple Refresh Cleanser Formula
2024-02-17 18:38:25+00:00,996,90,16900,,,149100,103,like shot espresso,14.0,mp4,9,Products for Summer Makeup Look
2024-02-17 17:04:15+00:00,571,79,12300,,,135600,89,rhode night,9.0,mp4,0,Day & Night Rhode Skincare Routine
2024-02-16 19:55:03+00:00,11300,1606,272800,,,2300000,2230,choose tint,5.0,mp4,6,Lip Tint Pop-Up
2024-02-16 18:42:33+00:00,74,26,1630,,,86000,9,rhode sightings hb lip case,4.0,mp4,13,Lip Tint & Case Waitlist
2024-02-15 19:03:33+00:00,1165,345,36100,@Rikke,,343100,236,lip case arrives february 27th 9am pt rhodeskincom krefting,12.0,mp4,13,Lip Tint & Case Waitlist
2024-02-15 17:26:12+00:00,352,74,6502,,,139000,52,raspberry jelly mood,12.0,mp4,6,Lip Tint Pop-Up
2024-02-14 23:34:39+00:00,248,130,5385,@Julia,,215900,164,case hobbs lip case lip tints arrive february 27th 9am pt,12.0,mp4,13,Lip Tint & Case Waitlist
2024-02-14 18:56:52+00:00,424,77,10500,,,233100,36,rhode crush,,jpeg,3,Rhode Kit & Event
2024-02-14 17:17:11+00:00,890,65,8475,,,211100,55,breakfast rhode valentine day edition,19.0,mp4,3,Rhode Kit & Event
2024-02-13 19:35:55+00:00,13600,1135,351400,,,4000000,1449,lip tints finally coming back 4 sheer buildable shades melt onto lips rich glossy finish join waitlist rhodeskincom,10.0,mp4,16,Lip Tint Application & Formula
2024-02-13 18:00:58+00:00,11900,1299,506200,,,6400000,2395,rhode sightings jb lip case launching february 27th 9am pt join waitlist rhodeskincom,6.0,mp4,13,Lip Tint & Case Waitlist
2024-02-13 17:17:09+00:00,20600,2131,411500,,,2900000,4509,text treat tint peptide lip tints coming back plus something cute hold meet lip case compatible iphone favorite peptide lip tint treatment launching together february 27th 9am pt rhodeskincom,10.0,mp4,13,Lip Tint & Case Waitlist
2024-02-13 02:22:49+00:00,3355,622,107700,,,1200000,2204,strawberry glaze 4ever starting valentine day erewhon get rhode scratcher order hb strawberry glaze soft serve scratch heart chance win free rhode goodies supplies last,24.0,mp4,0,Day & Night Rhode Skincare Routine
2024-02-12 21:02:14+00:00,3651,189,231600,@charli,,2700000,155,amelio peptide lip treatment,8.0,mp4,14,Lip & Skincare Products
2024-02-12 06:31:12+00:00,660,181,29900,@Hailey,,411200,167,mid game touch bieber,17.0,mp4,14,Lip & Skincare Products
2024-02-12 02:44:02+00:00,253,58,4827,@Daniela‚Äôs,,229300,25,first impressions pineapple refresh,70.0,mp4,8,Pineapple Refresh Cleanser
2024-02-11 19:58:42+00:00,439,50,7832,,,206200,67,vday mood,9.0,mp4,6,Lip Tint Pop-Up
2024-02-11 17:01:40+00:00,608,88,17600,@Hailey,@Toni,272900,53,bieber  bravo chat things rhode beauty  skincare,90.0,mp4,14,Lip & Skincare Products
2024-02-11 01:12:30+00:00,1074,55,16200,@Jordan,,234600,47,santos everyday bag essentials,,jpeg,3,Rhode Kit & Event
2024-02-10 22:16:31+00:00,321,34,4330,@Rudi,,169800,93,rhode restore eczema berry shares journey eczema glazing milk nutrient rich formula helps soothe irritation hydrate skin providing real results,32.0,mp4,3,Rhode Kit & Event
2024-02-10 21:21:36+00:00,311,54,6450,,,193000,100,reviews pineapple refresh available rhodeskincom,10.0,mp4,8,Pineapple Refresh Cleanser
2024-02-09 20:46:55+00:00,179,30,4302,@Laura,,141100,41,wash away day galebe puts pineapple refresh cleanser test,25.0,mp4,12,Pineapple Refresh Cleanser Formula
2024-02-08 19:27:15+00:00,6609,183,58600,,,411500,116,go lip tint combos,,jpeg,13,Lip Tint & Case Waitlist
2024-02-07 23:19:28+00:00,287,60,5782,,,151000,46,glazing milk,10.0,mp4,14,Lip & Skincare Products
2024-02-07 19:36:41+00:00,797,40,13500,,,145200,27,week ft peptide lip treatment go essential day lip hydration,,jpeg,14,Lip & Skincare Products
2024-02-07 18:11:38+00:00,417,24,4270,@potatogeenah‚Äôs,,112700,36,layers luminous dewy hydration  full rhode routine,33.0,mp4,14,Lip & Skincare Products
2024-02-06 21:46:50+00:00,157,41,3250,,,100100,26,glaze,10.0,mp4,11,Skincare & Makeup Routine Recommendations
2024-02-06 19:45:45+00:00,1299,41,15900,@dylan‚Äôs,,160700,52,inside bag,,jpeg,3,Rhode Kit & Event
2024-02-06 17:21:24+00:00,260,27,5056,@Tsutsumi,,95700,24,winter morning hoang rhode essentials,9.0,mp4,16,Lip Tint Application & Formula
2024-02-05 18:46:13+00:00,482,64,8396,@Alissajanay,,151000,54,full rhode routine,20.0,mp4,8,Pineapple Refresh Cleanser
2024-02-05 17:20:07+00:00,132,23,2979,@Claudia,@Carly,83500,14,get ready rhode  sulewski grammy glam fisher rhode product breakdown skin prep using glazing milk peptide glazing fluid plumping pre makeup lip mask using peptide lip treatment foundation mixed peptide glazing fluid lip tint shade ‚Äò toast,61.0,mp4,14,Lip & Skincare Products
2024-02-05 02:34:00+00:00,133,30,2276,@Claudia,,85200,37,sulewski getting ready grammy tonight,13.0,mp4,6,Lip Tint Pop-Up
2024-02-05 01:15:04+00:00,315,55,5159,,,100300,88,rhode textures,14.0,mp4,3,Rhode Kit & Event
2024-02-04 20:10:20+00:00,293,14,2302,@Michaela,,73800,12,refreshed hydrated gets unready using pineapple refresh cleanser glazing milk,38.0,mp4,10,Rhode Glazing Milk & Reviews
2024-02-04 17:11:08+00:00,106,25,2174,,,77900,43,meet rhode ingredient know next gen hyaluronic acid ( ha ) find pineapple refresh formula,14.0,mp4,12,Pineapple Refresh Cleanser Formula
2024-02-03 21:24:34+00:00,122,33,2573,@haianny,,122600,22,lip treat nourishing peptide powered formula works hard restore replenish dry lips leaving plump glossy finish,7.0,mp4,12,Pineapple Refresh Cleanser Formula
2024-02-03 19:06:45+00:00,416,36,8295,@MICHELLE,,113700,23,tran rhode review,43.0,mp4,10,Rhode Glazing Milk & Reviews
2024-02-03 17:25:01+00:00,502,29,6975,@mobina‚Äôs,,92400,36,‚Äô bag ft lip treat,7.0,mp4,14,Lip & Skincare Products
2024-02-02 21:01:31+00:00,270,30,7467,,,98200,15,saves pineapple refresh shoot,,jpeg,8,Pineapple Refresh Cleanser
2024-02-02 19:06:28+00:00,485,35,7638,@Izabel,,132800,44,ottoni rhode routine,26.0,mp4,9,Products for Summer Makeup Look
2024-02-02 17:29:10+00:00,872,156,26200,,,259300,365,come find us london,11.0,mp4,6,Lip Tint Pop-Up
2024-02-01 21:35:46+00:00,51,15,1614,@Nonishaaa,,49300,10,poolside  rhode,11.0,mp4,14,Lip & Skincare Products
2024-02-01 18:59:25+00:00,103,36,3287,,,59600,22,hi nyc,8.0,mp4,4,Rhode Pocket Blush Shades in NYC
2024-02-01 18:15:51+00:00,240,44,7367,,,93700,31,behind scenes pineapple refresh shoot,34.0,mp4,8,Pineapple Refresh Cleanser
2024-01-31 23:10:17+00:00,3638,213,59500,,,613100,111,world rhode ft pineapple refresh,,jpeg,8,Pineapple Refresh Cleanser
2024-01-31 22:03:18+00:00,207,59,6815,,,82500,36,come find us la,8.0,mp4,6,Lip Tint Pop-Up
2024-01-31 21:10:47+00:00,94,20,1905,@J.C.,,50800,3,dombrowski pineapple refresh,45.0,mp4,8,Pineapple Refresh Cleanser
2024-01-30 20:29:31+00:00,386,75,9623,@CATHY,,109900,16,treats tints,62.0,mp4,0,Day & Night Rhode Skincare Routine
2024-01-29 23:25:06+00:00,80,26,2132,,,44500,9,pineapple refresh,,jpeg,8,Pineapple Refresh Cleanser
2024-01-29 20:05:43+00:00,120,18,1811,,,34700,20,rise refresh,22.0,mp4,8,Pineapple Refresh Cleanser
2024-01-29 18:32:56+00:00,250,32,2218,,,51300,30,full rhode routine ft pineapple refresh available rhodeskincom,11.0,mp4,8,Pineapple Refresh Cleanser
2024-01-28 21:28:34+00:00,321,52,6047,@Elin,,68700,30,slow sundays warn,8.0,mp4,16,Lip Tint Application & Formula
2024-01-27 22:04:19+00:00,243,61,7593,@Hailey,,98900,50,sani peptide lip tint,10.0,mp4,13,Lip Tint & Case Waitlist
2024-01-27 20:06:22+00:00,187,26,4057,@marianne_fonseca‚Äôs,,94000,37,rhode routine cleanse pineapple refresh hydrate glaze restore brc,38.0,mp4,9,Products for Summer Makeup Look
2024-01-27 17:06:45+00:00,524,45,7941,@Tsutsumi,,95600,47,hoang self care weekend rhode,13.0,mp4,5,Rhode Summer Lip Tints and Pocket Blush
2024-01-26 22:25:58+00:00,149,70,3004,,,57600,41,hit refresh rhodeskincom,8.0,mp4,8,Pineapple Refresh Cleanser
2024-01-26 20:41:49+00:00,98,15,2486,@livmanni,,51500,31,pineapple refresh  available rhodeskincom,14.0,mp4,8,Pineapple Refresh Cleanser
2024-01-25 22:11:46+00:00,160,60,3687,,,71400,14,gentle effective formula made rinse day away without leaving skin feeling stripped tight pineapple refresh available rhodeskincom,15.0,mp4,12,Pineapple Refresh Cleanser Formula
2024-01-25 20:01:04+00:00,94,34,1885,,,52600,19,pineapple refresh available rhodeskincom,73.0,mp4,8,Pineapple Refresh Cleanser
2024-01-25 17:49:40+00:00,117,44,4543,,,82400,18,ultimate refresh pineapple refresh balm lather cleanser available,9.0,mp4,8,Pineapple Refresh Cleanser
2024-01-25 17:04:44+00:00,443,122,9328,,,99600,117,first step full rhode routine pineapple refresh new pga daily cleanser arrived available rhodeskincom,45.0,mp4,8,Pineapple Refresh Cleanser
2024-01-25 01:44:47+00:00,508,103,26000,,,349500,60,rhode work pineapple refresh arrives tomorrrow 9am pt,23.0,mp4,8,Pineapple Refresh Cleanser
2024-01-25 00:20:13+00:00,81,21,2436,@Nicole,@Nana,48800,14,pineapple refresh first impressions bruner,64.0,mp4,8,Pineapple Refresh Cleanser
2024-01-24 20:21:10+00:00,296,62,9235,,,179500,96,rhode bath bomb made splash week pineapple refresh arrives tomorrow 9am pt,81.0,mp4,2,Rhode Pop-Up Event & New Products
2024-01-23 23:03:00+00:00,58,21,1684,@Ajok,,37800,6,bts daing,16.0,mp4,3,Rhode Kit & Event
2024-01-23 21:33:30+00:00,758,117,21700,@hannah,,285700,63,cho pineapple refresh first impressions launching january 25th 9am pt join waitlist rhodeskincom,184.0,mp4,8,Pineapple Refresh Cleanser
2024-01-23 19:13:37+00:00,311,71,8143,@dylan,,123600,74,pineapple refresh unboxing,13.0,mp4,8,Pineapple Refresh Cleanser
2024-01-23 18:25:49+00:00,1065,101,15700,,,200400,74,cleanse prep hydrate restore treat,13.0,mp4,14,Lip & Skincare Products
2024-01-23 17:36:01+00:00,199,96,9873,,,146700,55,hit refresh new daily cleanser arrives january 25th 9am pt,8.0,mp4,8,Pineapple Refresh Cleanser
2024-01-22 22:55:22+00:00,88,27,2250,@Ava,,50300,15,skin feels bouncy supple soft hydrated using welsing kitcher new pineapple refresh daily cleanser,26.0,mp4,8,Pineapple Refresh Cleanser
2024-01-22 19:21:25+00:00,78,21,2180,@Shannon,,45800,22,pineapple refresh unboxing first impressions zhao,51.0,mp4,8,Pineapple Refresh Cleanser
2024-01-21 22:49:59+00:00,82,33,2516,@Bianca,,55500,6,bts miss may,12.0,mp4,3,Rhode Kit & Event
2024-01-21 19:46:52+00:00,1051,193,31300,@Hailey,@Kensington,409500,154,get unready bieber  featuring new pineapple refresh cleanser coming january 25th 9am pt rhodeskincom,234.0,mp4,8,Pineapple Refresh Cleanser
2024-01-21 18:53:34+00:00,67,19,2332,@Aylen,,64300,23,park pineapple refresh first impressions,42.0,mp4,8,Pineapple Refresh Cleanser
2024-01-20 20:50:57+00:00,73,57,2870,@Ajok,,87100,16,daing,11.0,mp4,3,Rhode Kit & Event
2024-01-20 19:02:55+00:00,903,251,34400,,,467300,141,pineapple refresh lush texture feels like instant vacation melts away makeup impurities gentle natural exfoliation leaves skin petal soft coming january 25th 9am pt join waitlist rhodeskincom,17.0,mp4,7,Pocket Blush Shades
2024-01-20 18:05:10+00:00,52000,4944,2000000,,,22500000,4904,rhode bath bomb,35.0,mp4,15,Rhode Products & International Shipping
2024-01-20 00:31:32+00:00,1007,116,12000,@Mia,,212700,125,'s honestly daily go cleanser morning get refreshed supple feeling right skin prep makeup moore pineapple refresh launches january 25th 9am pt,29.0,mp4,4,Rhode Pocket Blush Shades in NYC
2024-01-19 23:41:58+00:00,161,33,2448,@Hailey,,90600,63,bieber,3.0,mp4,16,Lip Tint Application & Formula
2024-01-19 20:52:25+00:00,147,13,2127,@Ida,,75500,11,refreshed zeile,17.0,mp4,2,Rhode Pop-Up Event & New Products
2024-01-19 18:48:27+00:00,135,38,2968,,,87000,24,inside pineapple refresh launching january 25th 9am pt join waitlist rhodeskincom,18.0,mp4,8,Pineapple Refresh Cleanser
2024-01-19 17:43:21+00:00,413,95,10700,@Kayla,,162900,92,unboxing pineapple refresh caputo,137.0,mp4,8,Pineapple Refresh Cleanser
2024-01-18 23:04:18+00:00,92,40,2813,@Bianca,,87700,14,behind scenes miss february,16.0,mp4,3,Rhode Kit & Event
2024-01-18 20:56:15+00:00,685,93,19700,@Hailey,@Candice,330800,124,behind scenes bieber,13.0,mp4,3,Rhode Kit & Event
2024-01-18 18:54:46+00:00,245,70,6392,@Ethan,,118900,47,gaskill review pineapple refresh coming january 25th 9am pt join waitlist rhodeskincom,22.0,mp4,8,Pineapple Refresh Cleanser
2024-01-18 17:35:53+00:00,157,36,4032,,,82000,20,texts hb one really good cleanser 4 years making launching january 25th 9am pt join waitlist rhodeskincom,,jpeg,13,Lip Tint & Case Waitlist
2024-01-17 23:47:07+00:00,65,46,2121,@tianavictoria‚Äôs,,65000,6,first impressions new pineapple refresh cleanser coming january 25th 9am pt join waitlist rhodeskincom,59.0,mp4,8,Pineapple Refresh Cleanser
2024-01-17 19:15:35+00:00,184,107,4551,,,79900,47,meet new pineapple refresh cleanser see january 25th 9am pt rhodeskincom,14.0,mp4,8,Pineapple Refresh Cleanser
2024-01-17 17:02:12+00:00,701,358,23700,,,239700,194,cleanser waiting introducing pineapple refresh new pga daily cleanser,18.0,mp4,8,Pineapple Refresh Cleanser
2024-01-16 23:30:52+00:00,127,34,3417,@sam,,67000,21,puts new rhode cleanser test info coming soon,122.0,mp4,3,Rhode Kit & Event
2024-01-16 17:38:06+00:00,288,100,9072,,,115900,56,tomorrow,11.0,mp4,2,Rhode Pop-Up Event & New Products
2024-01-14 21:28:28+00:00,804,89,20300,,,243600,55,rhode silent reviews,33.0,mp4,10,Rhode Glazing Milk & Reviews
2024-01-14 17:58:51+00:00,33,8,1114,@Karen,,39100,4,oluwatomilayo olla rhode routine ‚Äì glaze brc lip treat,13.0,mp4,11,Skincare & Makeup Routine Recommendations
2024-01-14 17:06:23+00:00,117,27,2664,@kehaulani,,52200,15,sanares ‚Äò essential hydration layers,10.0,mp4,0,Day & Night Rhode Skincare Routine
2024-01-13 21:16:46+00:00,76,41,1961,,,46200,10,glazing milk instant glow day hydration,12.0,mp4,0,Day & Night Rhode Skincare Routine
2024-01-13 18:53:49+00:00,36,19,1039,@eman,,31500,6,new rhode cleanser stay tuned info come soon,78.0,mp4,16,Lip Tint Application & Formula
2024-01-13 17:13:17+00:00,137,38,4171,@Raisya,,53200,12,summer january ft rhode kit,6.0,mp4,2,Rhode Pop-Up Event & New Products
2024-01-12 21:53:13+00:00,2351,608,80000,,,1100000,200,cleansing hb,124.0,mp4,10,Rhode Glazing Milk & Reviews
2024-01-12 21:04:05+00:00,86,30,2637,@Kayla,,57100,26,cleanser first impressions caputo,128.0,mp4,8,Pineapple Refresh Cleanser
2024-01-12 20:04:02+00:00,236,23,5223,,,56100,15,first week 2024 hb,,jpeg,5,Rhode Summer Lip Tints and Pocket Blush
2024-01-12 02:07:31+00:00,72,44,2164,@Henna,,52600,18,ali cleanser review stay tuned info coming soon,110.0,mp4,16,Lip Tint Application & Formula
2024-01-11 19:21:42+00:00,269,191,7186,@Thu,,117000,161,rhode testing panel | career advice first impressions new cleanser coming soon,85.0,mp4,8,Pineapple Refresh Cleanser
2024-01-11 17:06:17+00:00,261,146,7350,@Izabel,,81000,54,ooo ottoni rhode,18.0,mp4,9,Products for Summer Makeup Look
2024-01-10 21:31:26+00:00,377,98,9592,@Hailey,,187500,54,bieber 2024 mindset self care intention,40.0,mp4,4,Rhode Pocket Blush Shades in NYC
2024-01-10 20:20:28+00:00,57,23,1353,,,34800,8,rhode reviews,,jpeg,3,Rhode Kit & Event
2024-01-10 17:03:56+00:00,891,52,18300,,,133200,32,slow mornings rhode,,jpeg,16,Lip Tint Application & Formula
2024-01-09 22:37:08+00:00,158,40,5141,,,71800,51,bathe barrier,5.0,mp4,14,Lip & Skincare Products
2024-01-09 21:28:46+00:00,120,19,1935,@nayha‚Äôs,,40900,4,go lip combo lip treat plump glossy finish,34.0,mp4,14,Lip & Skincare Products
2024-01-09 17:13:33+00:00,164,34,3583,,,42500,25,rhode holiday,,jpeg,14,Lip & Skincare Products
2024-01-08 20:48:01+00:00,189,33,3744,@naomigenes‚ú®,,88500,19,uses glazing milk glaze go duo prep soothe hydrate skin leaving instant luminous sheen,34.0,mp4,6,Lip Tint Pop-Up
2024-01-08 18:41:01+00:00,356,65,6936,,,101600,55,rhode layers,15.0,mp4,3,Rhode Kit & Event
2024-01-08 17:16:58+00:00,140,63,3423,,,40100,22,january mood,10.0,mp4,6,Lip Tint Pop-Up
2024-01-07 20:07:50+00:00,97,53,2307,,,45400,50,lip treat,9.0,mp4,14,Lip & Skincare Products
2024-01-07 19:20:13+00:00,124,20,3021,@thefasteddy,,45200,3,finishing touches lip treat,9.0,mp4,14,Lip & Skincare Products
2024-01-07 17:01:40+00:00,92,18,2441,,,57100,27,brc love,9.0,mp4,11,Skincare & Makeup Routine Recommendations
2024-01-06 22:59:55+00:00,57,31,2379,@maya,,38400,9,multitasking essentials using glaze brc,27.0,mp4,11,Skincare & Makeup Routine Recommendations
2024-01-06 19:57:27+00:00,264,47,8160,,,83200,19,begin end day rhode,,jpeg,11,Skincare & Makeup Routine Recommendations
2024-01-06 17:02:36+00:00,432,28,4978,,,61100,41,skin feeling new year good time check skin find go essentials keep barrier balanced hydrated glowing,,jpeg,1,Rhode Lip Products & Shades
2024-01-05 22:32:47+00:00,150,23,2103,@Shannon,,50600,14,perfect makeup prep step glazing milk rhodeskincom zhao,29.0,mp4,11,Skincare & Makeup Routine Recommendations
2024-01-05 17:41:27+00:00,101,15,2789,@Matilda,,40000,4,winter far djerf rhode,,jpeg,16,Lip Tint Application & Formula
2024-01-04 21:15:57+00:00,1554,73,23700,@dylan‚Äôs,,200100,53,go essentials ft lip treat,,jpeg,14,Lip & Skincare Products
2024-01-04 19:07:48+00:00,663,46,6088,,,86000,46,essential skincare layers,,jpeg,14,Lip & Skincare Products
2024-01-04 17:04:03+00:00,102,13,2215,@Ava‚Äôs,,41300,9,rhode trick mix glazing milk liquid bronzing drops glowy hydrated makeup base,29.0,mp4,1,Rhode Lip Products & Shades
2024-01-03 20:52:33+00:00,108,34,3648,,,52100,14,like burst hydration luminous dewy glow,13.0,mp4,4,Rhode Pocket Blush Shades in NYC
2024-01-03 19:13:15+00:00,50,15,2039,,,33900,7,winter glow ft rhode,19.0,mp4,2,Rhode Pop-Up Event & New Products
2024-01-03 17:02:14+00:00,106,37,2261,,,33000,16,daily hydration essentials rhodeskincom,5.0,mp4,8,Pineapple Refresh Cleanser
2024-01-02 18:21:41+00:00,67,31,1584,@ori,,34900,6,rhode kit available rhodeskincom,15.0,mp4,8,Pineapple Refresh Cleanser
2024-01-01 18:55:17+00:00,299,76,5746,,,68200,31,new year new routine rhodeskincom,,jpeg,8,Pineapple Refresh Cleanser
2024-01-01 17:27:32+00:00,168,77,5430,,,65500,29,fresh start,21.0,mp4,15,Rhode Products & International Shipping
