,collectCount,commentCount,createTimeISO,likes,mentions0,mentions1,playCount,shareCount,text,videoMeta/duration,videoMeta/format
0,38,91,2024-08-01T17:05:41.000Z,1000,,,21900,12,aaliyah wears pocket blush sprinkle,12,mp4
1,516,112,2024-08-01T17:04:44.000Z,12100,,,89000,262,world sprinkle,0,
2,358,162,2024-08-01T16:22:42.000Z,9267,,,73600,115,rhode combos hb wears pocket blush sprinkle lip tint shortcake,38,mp4
3,209,159,2024-08-01T16:15:19.000Z,7955,@S,,107500,227,replying sprinkle nyc pop exclusive blush got much love bringing pocket blush shade sprinkle pearlescent warm pink glow,7,mp4
4,622,203,2024-07-31T23:34:41.000Z,19300,,,153100,437,see tomorrow 9am pt,8,mp4
5,617,277,2024-07-31T16:06:35.000Z,15200,,,144300,1463,little treat see tomorrow 9am pt,10,mp4
6,58,21,2024-07-31T15:57:56.000Z,1281,,,25200,20,summer bottle glazing milk essential prep step lightweight hydration luminous makeup base full ceramides beta glucan magnesium blend help calm skin provide day hydration,34,mp4
7,584,79,2024-07-31T05:26:15.000Z,9198,,,110000,233,sheer buildable formula melts onto lips nourishing hydration hint tint,10,mp4
8,62,19,2024-07-31T01:05:08.000Z,1371,,,23300,15,rhode summer,11,mp4
9,96,32,2024-07-30T19:06:14.000Z,1017,@Vanessa,,25500,21,rhode combos sun kissed look using pocket blush shades toasted teddy piggy,30,mp4
10,82,31,2024-07-30T01:04:38.000Z,1289,@eva,,31700,4,get ready rhode  rose glazed glowy 4 steps,55,mp4
11,406,84,2024-07-29T22:05:48.000Z,11500,,,117100,256,scoop shortcake,8,mp4
12,84,37,2024-07-29T19:26:30.000Z,1669,@Taylor,,31700,46,swatches pocket blush shade spicy marg,15,mp4
13,91,31,2024-07-28T17:38:43.000Z,1356,@Gacia‚Äôs,,42100,29,rhode combos monochromatic coral look ft pocket blush spicy marg peptide lip tint guava spritz,18,mp4
14,142,36,2024-07-28T17:31:36.000Z,3166,@Amber,,53200,39,holly wears pocket blush juice box piggy lip tint guava spritz,22,mp4
16,184,51,2024-07-28T01:13:26.000Z,6652,@annie,,74300,68,rhode booth,17,mp4
17,1754,175,2024-07-28T01:01:19.000Z,48100,@bychanelle,,287600,1843,rhode booth,9,mp4
18,507,58,2024-07-27T22:27:40.000Z,17800,@Gary,,225200,321,thompson,10,mp4
19,182,53,2024-07-27T19:49:28.000Z,6699,,,70500,264,rhode booth takes london,47,mp4
20,125,43,2024-07-27T16:58:25.000Z,3719,@DANIELLE,,56300,133,rhode booth,16,mp4
21,1696,239,2024-07-27T16:47:28.000Z,38600,,,662600,5529,rhode booth london thank everyone came today,26,mp4
22,180,32,2024-07-26T22:32:27.000Z,2691,@Courtney,,49800,77,antalek pocket blush shade juice box,16,mp4
23,390,48,2024-07-26T18:59:29.000Z,4362,,,47100,52,ones love rely always come back ultimate barrier nourishment tint glow,0,
24,118,26,2024-07-26T16:28:39.000Z,1781,@Kadija,,33800,36,pocket blush toasted teddy swipe lip tint guava spritz,19,mp4
25,111,55,2024-07-25T22:00:22.000Z,1870,,,37600,52,beach blanket essentials,15,mp4
26,114,27,2024-07-25T21:10:04.000Z,1748,@Izabel,,39600,40,rhode combos  ottoni wears pocket blush toasted teddy spicy marg peptide lip tint guava spritz,19,mp4
27,141,30,2024-07-25T16:04:25.000Z,4280,,,57500,49,tasty melty glowy,8,mp4
28,95,30,2024-07-25T00:49:43.000Z,1425,@Tziporah,,41200,30,blush blushing  wears pocket blush shade juice box,9,mp4
30,82,30,2024-07-24T16:57:26.000Z,1317,@Chloe,,33800,14,guava spritz lips brown,10,mp4
31,76,37,2024-07-23T23:34:42.000Z,1076,@Meredith,,38300,23,duxbury go glam ft pocket blush shade piggy,13,mp4
32,487,66,2024-07-23T22:21:07.000Z,5111,,,64600,106,peptide lip tints sheer buildable formula melts onto lips nourishing hydration hint tint available core limited edition shades,0,
33,225,43,2024-07-23T16:15:06.000Z,4424,@Julieta,,92500,114,rhode go gracia,9,mp4
34,81,40,2024-07-23T00:28:50.000Z,2073,@Tanicha,,64200,20,rose pocket blush first impressions dreamy creamy buildable formula melts onto skin,99,mp4
35,712,39,2024-07-22T19:39:13.000Z,9013,@yodeebs,,101900,113,recreates hb piggy mani,14,mp4
36,118,22,2024-07-22T16:31:02.000Z,1772,@kendalldairr‚Äôs,,39800,22,rhode glam coral look summer night,47,mp4
37,1450,66,2024-07-22T01:26:40.000Z,9475,@Valerie,,92400,152,summer lip looks de santiago,0,
38,2290,92,2024-07-21T17:55:15.000Z,14300,,,312400,892,chailee swatches six shades pocket blush,51,mp4
39,226,52,2024-07-21T16:06:27.000Z,6626,,,60500,52,go glow,8,mp4
40,268,32,2024-07-21T00:41:51.000Z,1866,@DACEY,,48400,109,made blush cash swatches six shades pocket blush,168,mp4
41,134,42,2024-07-20T18:21:16.000Z,3638,,,53300,24,put us pocket,0,
42,82,24,2024-07-20T16:15:17.000Z,1746,@Tyanna,,43000,22,gold pocket blush shade spicy marg tangy bright coral glow,9,mp4
43,141,53,2024-07-19T23:30:50.000Z,2333,,,41700,66,rhode summer,11,mp4
44,246,49,2024-07-19T19:39:29.000Z,2711,@Michaela,,47600,118,swatches four limited edition peptide lip tints available rhodeskincom,32,mp4
45,2017,137,2024-07-19T16:56:17.000Z,16100,@mathilde,,336100,1321,pocket blush unboxed,17,mp4
46,62,33,2024-07-18T23:52:47.000Z,1215,@isa,,39500,17,go spicy marg peach pit rhode combo ?,17,mp4
47,107,37,2024-07-18T18:18:37.000Z,1305,@ines_lblc,,34100,55,shortcake sea carries matching summer lip case peptide lip tint shortcake,11,mp4
48,187,33,2024-07-18T16:22:43.000Z,3254,@Gacia,,56200,49,sunset blush pocket blush shade juice box pocket blush shade spicy marg pocket blush shade piggy finishing touches lip tint shade peach pit,25,mp4
50,95,44,2024-07-17T20:06:02.000Z,1158,@Kelly,,33200,45,little blush little flush swatches six shades pocket blush,23,mp4
51,882,64,2024-07-17T17:15:03.000Z,12200,,,146400,497,toasted teddy designed multitask routine use ways one 3 favorite techniques worn best,44,mp4
52,813,85,2024-07-16T23:25:40.000Z,13700,,,153600,143,pocket blush inspired mani,17,mp4
53,144,35,2024-07-16T19:37:08.000Z,4791,@Natalia,,60600,32,pocket sized essentials bryant,15,mp4
54,566,77,2024-07-16T16:45:33.000Z,14400,@Matilda,,159200,236,rhode postcard greetings sweden djerf,12,mp4
56,133,49,2024-07-15T20:11:13.000Z,2700,,,46800,52,rhode ingredients cupua√ßu meet moisturizing ingredient rhode lips cupua√ßu perfect hydrating sun soaked dry lips summer long,13,mp4
57,147,36,2024-07-14T20:53:12.000Z,1843,@ana,,47600,60,mauve duo sleepy girl salty tan,29,mp4
58,107,40,2024-07-14T17:44:21.000Z,1682,@RUBY,,45700,35,phone  pocket blush,9,mp4
59,312,38,2024-07-14T16:12:30.000Z,6067,,,64300,130,slow start,8,mp4
60,212,61,2024-07-13T23:34:46.000Z,6101,@Izabel,,123100,64,first impressions pocket blush ottoni pocket blush shade toasted teddy pocket blush shade piggy lip tint shade peach pit,59,mp4
61,6273,601,2024-07-13T19:53:47.000Z,119400,@poonam,,576000,5128,rhode love sidhu,7,mp4
62,117,35,2024-07-13T16:12:09.000Z,2165,@lindsay,,47800,43,conway pocket blush shade sleepy girl,9,mp4
63,203,36,2024-07-12T23:58:27.000Z,3463,@Kika,,75800,56,cerqueira gomes wears pocket blush shade toasted teddy lip tint shade peach pit,47,mp4
64,454,82,2024-07-12T17:57:48.000Z,13200,@tate,,117700,184,lip case sightings  mcrae peach pit,45,mp4
65,127,29,2024-07-12T16:35:22.000Z,1065,,,35900,125,shades summer,4,mp4
66,168,40,2024-07-12T00:09:18.000Z,2966,,,56200,53,summertime salty tan,10,mp4
67,513,104,2024-07-11T20:10:49.000Z,8902,,,116900,342,six everyday shades gives super natural flush color like woken nap spent bit much time sun,6,mp4
68,217,44,2024-07-11T16:23:36.000Z,3774,@Andrea,,71400,75,sun spf coral duo yamhure,12,mp4
69,175,44,2024-07-10T23:03:07.000Z,1738,,,58200,87,double duty duos combine paired shades pocket blush limited edition peptide lip tints effortless monochromatic look,7,mp4
70,74,36,2024-07-10T18:29:45.000Z,1697,@ajailakenyara,,49700,35,dreamy creamy pocket sized swatches pocket blush shades sleepy girl spicy marg juice box toasted teddy,35,mp4
72,1373,112,2024-07-10T00:28:10.000Z,20300,@jaclyn,,546800,615,toasted teddy touch ups bronze terracotta blush,12,mp4
73,234,64,2024-07-09T22:04:09.000Z,4216,,,76700,120,lip tint shade salty tan sheer soft mauve tint,15,mp4
74,125,39,2024-07-09T16:36:06.000Z,2046,@Schaebreezy_,,58200,58,swatches pocket blush shade juice box lip tint shade salty tan,15,mp4
75,159,38,2024-07-08T22:55:08.000Z,2324,@sophiess,,67000,52,sleepy girl touch ups go,12,mp4
76,402,89,2024-07-08T19:34:57.000Z,8212,,,104300,180,peptide lip tint shade shortcake vs ribbon,14,mp4
77,121,36,2024-07-08T16:04:30.000Z,2027,@Jasmine,,60000,48,sweet dreams tookes wears pocket blush shade sleepy girl,17,mp4
78,290,85,2024-07-08T00:38:46.000Z,5799,,,115700,69,fresh press,0,
79,302,47,2024-07-07T19:36:16.000Z,3555,@Freya,,88000,131,tidy layers pocket blush shades toasted teddy sleepy girl finishing touches lip tint shade salty tan,14,mp4
80,1521,142,2024-07-07T16:11:27.000Z,40000,@Kylie,,622500,325,jenner wears pocket blush shade freckle,59,mp4
81,2332,510,2024-07-06T19:11:41.000Z,60100,,,1100000,978,hb go pocket blush shade sprinkle lip tint shade peach pit,29,mp4
82,158,44,2024-07-06T16:34:35.000Z,2517,@Ria‚ú®üßöüèæ‚Äç‚ôÄÔ∏è‚ú®,,68000,36,‚Äç coral duo spicy marg guava spritz,16,mp4
83,207,48,2024-07-05T23:15:18.000Z,2254,@vanessanicolestern,,73800,101,swatches six shades pocket blush available rhodeskincom,60,mp4
84,645,70,2024-07-05T19:38:59.000Z,14100,@Bella,,207000,314,lip tint shade peach pit,14,mp4
85,115,45,2024-07-05T16:11:29.000Z,2421,,,62000,49,bye bye nyc treat bring pocket sized pop thank much everyone came support excitement mean world us,48,mp4
86,92,44,2024-07-04T19:51:29.000Z,2051,@suni,,75200,28,get ready wearing pocket blush shade piggy lip tint shade salty tan,25,mp4
87,237,34,2024-07-04T19:08:03.000Z,2381,@Drea,,75300,55,mauve duo touch piggy 6 shades pocket blush back available individually set six blush tint duo rhodeskincom,45,mp4
88,151,47,2024-07-04T17:13:31.000Z,2889,@RUBY,,75300,56,little flush go  wears pocket blush spicy marg,14,mp4
89,116,39,2024-07-04T16:10:20.000Z,1970,,,54500,62,spicy marg summer,10,mp4
90,60,30,2024-07-04T03:28:53.000Z,1786,@Kensington,,60900,19,came visit,87,mp4
91,289,31,2024-07-04T02:57:08.000Z,3476,@Olivia,,89300,116,pink duo piggy shortcake chatfield 6 shades pocket blush back available individually set six blush tint duo rhodeskincom,14,mp4
92,1105,726,2024-07-03T22:49:44.000Z,44000,,,477700,237,today final day pocket sized pop nyc thank much everyone came support excitement mean world us love hb team rhode,60,mp4
93,695,36,2024-07-03T20:27:41.000Z,7323,@nalilychav,,131700,235,blush tint duos duo combines paired shade pocket blush limited edition summer lip tint wear together juicy monochromatic look rhodeskincom,14,mp4
94,225,40,2024-07-03T17:16:18.000Z,2029,@nicoletaveras,,58500,111,gets flushed six shades pocket blush back including piggy freckle sleepy girl available individually set six,63,mp4
95,179,79,2024-07-03T16:29:24.000Z,5359,,,64300,143,today final day pocket sized pop nyc come get rhode summer essentials 127 greene st new york ny 11am 7pm,34,mp4
96,116,25,2024-07-03T04:32:43.000Z,2051,@sophiaculpo,,58300,8,wedding day skincare prep uses pineapple refresh cleanser glazing milk,76,mp4
97,110,32,2024-07-03T01:59:43.000Z,1921,@abelyn,,58800,63,pocket blush go wears shade juice box,14,mp4
98,102,14,2024-07-02T22:09:10.000Z,998,,,43100,12,little tangy elsa wears pocket blush shade spicy marg,0,
100,156,55,2024-07-02T17:08:29.000Z,3110,@Michaela,,63000,36,tries pocket blush shade sprinkle available nyc pop,10,mp4
101,389,85,2024-07-02T00:12:39.000Z,6803,@Bex,,137700,172,uses pocket blush shades toasted teddy spicy marg lip tint shade guava spritz,18,mp4
102,1325,219,2024-07-01T22:07:02.000Z,36900,@Hannah,@Hailey,442700,489,‚Äô bacckkkk berner bieber,73,mp4
103,79,27,2024-07-01T19:13:15.000Z,2280,@haleigh,,59800,21,jade popped pocket sized pop,12,mp4
104,518,42,2024-07-01T17:54:34.000Z,9358,@Tao,,133200,90,go pocket blush shade spicy marg lip tint shade peach pit,17,mp4
105,145,41,2024-07-01T16:54:53.000Z,3560,,,65000,101,come nyc pop open wednesday thank love support far,0,
106,993,142,2024-06-30T18:31:39.000Z,38900,,,323300,394,little blush little cake,7,mp4
107,234,42,2024-06-30T17:00:46.000Z,3430,@evange,,71500,157,layers pocket blush shades toasted teddy juice box spicy marg finishing touches lip tint shade guava spritz,20,mp4
108,349,44,2024-06-30T16:04:00.000Z,3934,@ally,,80700,211,summer lip tint try,32,mp4
109,202,70,2024-06-29T19:22:11.000Z,4382,@Sophia,,87300,44,pocket sized pop haul giuffr√©,78,mp4
110,138,48,2024-06-29T17:45:40.000Z,3795,,,79300,44,first impressions pocket blush love feels super creamy blendable formula melts onto skin leaves satiny glowy finish looks like natural flush,50,mp4
111,261,47,2024-06-29T16:55:39.000Z,7645,,,95500,97,chalk postings around nyc come find us,9,mp4
112,90,42,2024-06-28T22:12:15.000Z,1407,,,59400,62,rhode sightings,4,mp4
113,355,46,2024-06-28T20:32:04.000Z,3032,@alysialoo,,66300,135,pocket blush try,142,mp4
114,106,51,2024-06-28T18:37:24.000Z,2600,,,55200,76,pocket sized pop open july 3rd 11am 7pm daily,24,mp4
115,143,61,2024-06-27T23:45:10.000Z,2193,@Samantha,,70000,142,match look lip case blush borges,12,mp4
117,238,62,2024-06-27T19:06:29.000Z,6797,@Meredith,,123200,108,little sunset look duxbury pocket blush,61,mp4
118,667,159,2024-06-26T20:59:24.000Z,19800,,,158000,413,rhode sightings around nyc,7,mp4
119,212,43,2024-06-26T20:01:52.000Z,6436,@sami,,83500,51,rhode night,10,mp4
120,1419,383,2024-06-26T17:07:33.000Z,27000,,,401200,1406,pocket blush shade sprinkle warm pearly pink shade pick nyc pop,11,mp4
121,63,52,2024-06-25T22:03:14.000Z,1902,@Chrissy,,91300,15,night nyc rutherford pop preview event,17,mp4
122,349,165,2024-06-25T20:30:03.000Z,10800,,,162900,142,hb wears pocket blush shade sprinkle warm pearly pink shade pick nyc pop,0,
123,191,107,2024-06-25T16:05:27.000Z,5401,,,102600,163,nyc blushing thank everyone stopped first day pocket sized pop,38,mp4
124,703,220,2024-06-24T20:32:13.000Z,26800,,,309600,282,last night nyc celebrating opening pocket sized pop,25,mp4
125,588,123,2024-06-24T18:19:05.000Z,17800,,,204100,241,rhode night nyc toasting opening pocket sized pop today launch pocket blush wait see space,0,
126,977,353,2024-06-24T16:32:51.000Z,30600,,,413300,635,meet pocket blush shade sprinkle warm pearly pink shade pick nyc pop,9,mp4
127,2663,550,2024-06-24T15:53:53.000Z,87900,,,1000000,9290,rhode pop nyc pocket sized pop officially opens today wait see space june 24th july 3rd 11am 7pm daily 127 greene st new york ny 10012,28,mp4
128,3027,1069,2024-06-23T23:49:57.000Z,118200,,,1100000,3491,toasting opening pocket sized pop launch pocket blush ca n't wait see space < 3,21,mp4
129,112300,1063,2024-06-23T18:56:33.000Z,736100,,,7100000,23300,pocket blush inspired mani,16,mp4
130,967,102,2024-06-23T17:32:15.000Z,20600,@RUBY,,283400,535,coral duo go,10,mp4
131,518,172,2024-06-22T19:48:52.000Z,11100,@Mikayla,,227000,242,nogueira pocket blush first impressions available rhodeskincom,84,mp4
132,176,53,2024-06-22T18:55:12.000Z,3767,@Sean,,126100,263,summer lip tint try garrette rhodeskincom,90,mp4
133,2876,275,2024-06-22T17:28:00.000Z,33300,,,343000,3841,come get new rhode essentials pocket sized pop nyc monday pocket blush summer peptide lip tints summer lip cases core skincare june 24th july 3rd 11am 7pm daily 127 greene st new york ny 10012,0,
134,2891,498,2024-06-22T16:08:42.000Z,97500,,,818800,6466,glaze city pocket sized pop opens nyc monday,15,mp4
135,901,88,2024-06-21T18:27:08.000Z,7061,,,195100,743,six little swatches pocket blush pocket rhodeskincom,15,mp4
136,1189,67,2024-06-21T16:20:20.000Z,10600,@Amaya‚ô°,,218600,458,four monochromatic summer looks  duos pair new matching lip cases summer long available rhodeskincom,43,mp4
137,287,179,2024-06-20T22:19:19.000Z,6561,,,177300,151,little delivery pocket blush summer lip tints cases arrived,53,mp4
138,327,135,2024-06-20T16:33:47.000Z,5187,,,173300,258,summer lip cases arrived match phone lips cheeks summer long,0,
139,650,157,2024-06-20T16:28:20.000Z,12400,,,216500,496,hint tint summer summer peptide lip tints,47,mp4
140,1329,429,2024-06-20T16:05:41.000Z,30200,,,329000,1066,pocket blush arrived along summer peptide lip tints lip cases pocket rhodeskincom,28,mp4
141,1698,670,2024-06-20T02:44:48.000Z,46200,@Mia,,483900,912,moore tries summer lip tints four limited edition peptide lip tint shades packed high performance ingredients hydrate nourish plump subtle pop color arriving tomorrow june 20th 9am pt rhodeskincom,26,mp4
142,84,24,2024-06-20T02:13:44.000Z,2581,@Gary,,103200,31,thompson pocket blush new go cream blushes arrive tomorrow june 20th 9am pt rhodeskincom,121,mp4
143,384,42,2024-06-20T01:42:56.000Z,5277,@Carly,,123400,303,hint tint summer lip tint try arriving tomorrow june 20th 9am pt rhodeskincom,108,mp4
144,811,158,2024-06-19T21:14:51.000Z,34600,,,370700,308,peak camera roll pocket blush finally almost tomorrow 9am pt,26,mp4
145,1746,101,2024-06-19T20:53:34.000Z,64200,,,543400,377,bit bts pocket blush summer peptide lip tints cases launch tomorrow june 20th 9am pt rhodeskincom,16,mp4
146,201,32,2024-06-19T20:31:25.000Z,2622,@vanessanicolestern,,85100,72,made blush layers pocket blush shades piggy toasted teddy swipe lip tint shade salty tan,61,mp4
148,8849,1657,2024-06-18T22:52:16.000Z,312400,,,4000000,8427,hot pink summer hb matching summer lip case peptide lip tint shade shortcake arriving june 20th 9am pt,18,mp4
149,176,43,2024-06-18T18:38:50.000Z,2793,@zoekimkenealy,,89700,91,sunset blush  pocket blush finishing touches lip tint shade salty tan,39,mp4
150,91,34,2024-06-18T16:43:55.000Z,2564,@Alex,,66800,40,full look fits pocket consani wears coral duo spicy marg guava spritz,9,mp4
151,2282,141,2024-06-17T23:05:59.000Z,31700,@Alissajanay,,459500,1604,swatches four summer peptide lip tints arriving june 20th 9am pt,24,mp4
152,618,91,2024-06-17T21:06:25.000Z,34600,,,372600,342,dip guava spritz,10,mp4
153,134,33,2024-06-17T20:25:35.000Z,1841,@Mia,,77000,55,moore coral duo spicy marg guava spritz,30,mp4
154,326,47,2024-06-17T19:11:31.000Z,4880,,,74700,141,summertime guava spritz,9,mp4
155,897,60,2024-06-17T17:20:09.000Z,12800,@yodeebs,,180100,199,nails inspired pocket blush shade guava spritz,15,mp4
156,603,34,2024-06-17T16:27:27.000Z,4205,@Kelli,,94700,153,shadow blushing 101 anne sewell,86,mp4
157,369,68,2024-06-17T00:10:21.000Z,11600,,,121200,135,sleepy girl,0,
158,2835,285,2024-06-16T22:10:05.000Z,63100,,,793000,2814,packed high performance ingredients hydrate nourish plump subtle pop color see june 20th 9am pt,19,mp4
159,335,38,2024-06-16T21:39:40.000Z,4220,,,67600,97,sunshine salty tan,11,mp4
160,213,32,2024-06-16T19:36:47.000Z,3579,@walker_ash,,92400,67,pocket blush shade freckle skin prepped glazing milk glaze,42,mp4
161,203,36,2024-06-16T17:25:43.000Z,2648,@Afnan,,97100,130,monochromatic glowy makeup dano mauve duo,19,mp4
162,614,126,2024-06-16T16:04:18.000Z,33300,,,369800,299,‚Äô shrinking world rhode,19,mp4
163,532,174,2024-06-15T20:45:19.000Z,9587,@Madison,,138400,375,itsy bitsy unboxing amateau,8,mp4
164,7170,749,2024-06-15T19:57:37.000Z,128600,,,1400000,9551,new summer lip tints designed pair pocket blush full monochromatic look glowy cheeks glossy lips go,6,mp4
165,108,36,2024-06-15T18:59:13.000Z,3551,@Toni,,87700,31,blushing day long bravo day night summer look ft pocket blush new peptide lip tints arriving june 20th 9am pt,82,mp4
166,2641,466,2024-06-15T17:20:36.000Z,44200,,,420000,7229,little blush takes big apple bringing pocket sized pop nyc month join us get rhode essentials irl  pocket blush summer peptide lip tints summer lip cases core skincare june 24th july 3rd 11am 7pm daily 127 greene st new york ny 10012 details rhodeskincom,5,mp4
167,1246,278,2024-06-15T17:05:45.000Z,32400,,,221700,379,two years rhode,56,mp4
168,981,144,2024-06-14T18:47:53.000Z,13900,,,200300,426,meet duos available four color combos pink duo piggy shortcake peach duo freckle peach pit mauve duo sleepy girl salty tan coral duo spicy marg guava spritz,0,
169,1177,481,2024-06-14T17:34:36.000Z,36100,,,295300,700,rhode unboxing ft new pocket blushes summer lip tints,18,mp4
170,649,183,2024-06-14T16:51:55.000Z,7391,,,162200,1077,lip case got tinted launching june 20th 9am pt,4,mp4
171,25900,2650,2024-06-14T16:25:21.000Z,1000000,,,6900000,10900,bts hb summer lip tints,12,mp4
172,11500,1191,2024-06-14T16:13:33.000Z,202000,,,1600000,16200,introducing limited edition summer peptide lip tints see june 20th 9am pt,13,mp4
173,410,84,2024-06-13T22:57:13.000Z,6307,@Namvo,,197100,255,creamy lightweight formula melts smoothly  pocket blush,32,mp4
174,511,88,2024-06-13T20:37:11.000Z,6064,,,120700,135,get ready hb ft pocket blush,195,mp4
175,2108,102,2024-06-13T19:19:30.000Z,25400,@DANIELLE,,470500,1190,pocket blush shade piggy available june 20th 9am pt,39,mp4
176,117,47,2024-06-13T17:22:13.000Z,7000,@paloma,,138800,47,ready teddy elsesser applies pocket blush shade toasted teddy glowy flush bronze terracotta hydrates skin baby soft cheeks get june 20th 9am pt,6,mp4
177,252,65,2024-06-13T16:08:30.000Z,6579,,,106600,128,love pocket blush,5,mp4
178,529,73,2024-06-12T22:50:16.000Z,17800,@Alex,,210600,202,sip hot pink consani wears pocket blush shade juice box,6,mp4
179,139,31,2024-06-12T22:10:42.000Z,3664,@The,,96400,54,pocket blush try join waitlist rhodeskincom,50,mp4
180,335,76,2024-06-12T19:26:21.000Z,20100,,,290100,91,little bts pocket blush shoot,7,mp4
181,686,56,2024-06-12T18:11:53.000Z,9576,@stephhui,,164400,511,pocket blush arriving june 20th 9am pt,53,mp4
182,2062,235,2024-06-12T17:22:09.000Z,106600,,,1600000,680,testing tapping trying years making pocket blush almost wait get little flushed,27,mp4
183,244,58,2024-06-11T22:25:21.000Z,3072,,,116300,118,six everyday shades pocket blush arrives june 20th 9am pt,33,mp4
184,1840,144,2024-06-11T18:50:24.000Z,48800,@Alex,,272100,577,serving blush consani,31,mp4
185,1535,187,2024-06-11T17:01:44.000Z,20300,@Danielle,,280700,1155,estrada swatches six shades pocket blush ariving june 20th 9am pt,91,mp4
186,534,98,2024-06-11T16:30:13.000Z,11900,,,169800,325,creamy blush satiny buildable color pocket blush coming june 20th 9am pt,12,mp4
187,483,115,2024-06-11T16:05:40.000Z,13900,,,189100,315,small enough fit pocket powerful enough wake cheeks,7,mp4
188,3483,329,2024-06-10T16:52:09.000Z,39100,@Michaela,,602300,2997,six little swatches pocket blush launching june 20th 9am pt,57,mp4
189,2810,409,2024-06-10T16:39:56.000Z,76100,,,650200,2384,six everyday shades juice box hot pink toasted teddy bronze terracotta spicy marg bright coral piggy baby pink sleepy girl soft mauve freckle neutral peach,0,
190,5043,706,2024-06-10T16:19:05.000Z,131300,,,1300000,6826,meet pocket blush arriving june 20th 9am pt,17,mp4
191,9041,1197,2024-06-10T16:05:07.000Z,168100,,,2800000,8242,hb swatches six shades pocket blush launching june 20th 9am pt,178,mp4
192,703,335,2024-06-10T15:08:55.000Z,27200,,,244500,654,little blush little flush,15,mp4
193,385,114,2024-06-09T20:04:53.000Z,11700,,,201900,314,tap tap tap got something exciting tell tomorrow,18,mp4
194,1582,586,2024-06-09T17:38:39.000Z,69200,,,599800,2858,dreams come true tomorrow,10,mp4
195,532,256,2024-06-09T16:12:40.000Z,25100,,,234100,406,cheek peek something landed rhode hq,0,
198,2683,734,2024-06-08T16:02:24.000Z,117700,,,1000000,2343,‚Äô listening,13,mp4
199,2547,103,2024-06-07T23:30:09.000Z,123000,,,1500000,838,summer espresso,7,mp4
200,2612,236,2024-06-07T18:42:11.000Z,65600,@Matilda,,705500,1508,djerf,8,mp4
201,180,41,2024-06-07T16:14:51.000Z,3707,,,116500,33,rhode press meet award winning products editors talking,0,
203,742,58,2024-06-06T22:46:16.000Z,14900,@mobina,,186700,230,get unready rhode kit,15,mp4
204,432,44,2024-06-06T16:04:30.000Z,4672,,,108600,137,shades summer,11,mp4
205,226,35,2024-06-05T22:35:36.000Z,4353,@Kristina‚Äôs,,128600,42,summer makeup look ft glazing milk glaze brc  lip tint shade toast,37,mp4
207,249,37,2024-06-05T16:05:23.000Z,3883,@isabellemathers,,119000,51,winding  rhode kit,35,mp4
208,18700,3544,2024-06-04T20:39:33.000Z,658900,@Hailey,,6700000,17600,bieber,17,mp4
210,678,153,2024-06-04T16:37:59.000Z,18200,,,252800,415,itty bitty bits may ps working hard new things coming soon,0,
211,151,39,2024-06-03T18:41:42.000Z,4438,@Hair,,161300,60,weekend miami rhode booth  tips | beauty | lifestyle,8,mp4
212,632,87,2024-06-03T16:26:50.000Z,12500,@Hailey,,223300,136,go glow bieber,59,mp4
214,111,38,2024-06-02T18:42:55.000Z,2404,,,86800,94,rhode booth takes miami recap day one,33,mp4
215,1257,87,2024-06-02T16:49:38.000Z,69600,,,739300,383,keeping lip tint summer ?,10,mp4
216,198,62,2024-06-01T23:31:54.000Z,5013,@Rebeca,,108600,84,rhode booth takes miami lupi,15,mp4
217,184,64,2024-06-01T21:18:06.000Z,5934,,,111300,212,rhode booth miami come visit us weekend take pics get peptide lip tint june 1st & 2nd 12pm 8pm et miami design district 95 ne 40th st miami fl 33137,16,mp4
218,506,29,2024-06-01T16:09:33.000Z,5806,@Amaya‚ô°‚Äôs,,106700,88,4 step summer glow,31,mp4
219,337,23,2024-05-31T23:00:12.000Z,4988,,,95800,52,24hrs rhode,0,
220,2856,66,2024-05-31T20:05:34.000Z,24800,@aminaoui,,421600,374,hb summer mani,19,mp4
221,2815,333,2024-05-31T16:10:34.000Z,82300,,,934800,653,hb hydration routine 31000 feet peptide glazing fluid draw water face oil lasting moisture sheet mask seal swipe peptide lip treatment,50,mp4
222,307,48,2024-05-30T21:20:09.000Z,5683,@sophiess,,83300,48,lip tint touch ups,7,mp4
223,221,25,2024-05-30T18:47:00.000Z,2386,,,50700,50,taste rhode summer,5,mp4
224,146,51,2024-05-30T16:14:20.000Z,2572,,,56200,134,rhode booth tour next stop miami rhode booth going tour summer stopping miami weekend come take pics get peptide lip tint june 1st & 2nd 12pm 8pm et miami design district 95 ne 40th st miami fl 33137,9,mp4
225,70,25,2024-05-29T20:23:10.000Z,1470,@gayle,,55200,10,alexis skin prep routine ft glazing milk lip tint shade toast,22,mp4
226,131,14,2024-05-29T19:26:42.000Z,1393,,,41300,35,rhode seaside,0,
227,165,16,2024-05-29T16:06:54.000Z,2097,@Cl√©mence,,67800,40,rhode unpacked essentials keeps bubble bag,20,mp4
228,127,35,2024-05-28T21:03:59.000Z,2052,,,60400,92,meetings,0,
229,94,12,2024-05-28T17:51:06.000Z,1377,,,42400,39,rhode afloat,11,mp4
230,52,19,2024-05-28T16:03:24.000Z,1139,@Amadiah,,31400,14,keep lip treat close summer hydrated pillowy soft lips day night  yehudah,12,mp4
231,296,35,2024-05-27T20:50:42.000Z,7928,,,82100,93,summer treat,13,mp4
232,265,40,2024-05-27T16:08:33.000Z,4452,,,59500,144,rhode summer saves,9,mp4
234,140,24,2024-05-26T20:42:09.000Z,2210,@ines_lblc,,43700,67,summer espresso wears peptide lip tint shade espresso cool swipe hydration glossy rich brown sheen,8,mp4
235,379,35,2024-05-26T16:08:04.000Z,5667,@Drea,,96500,263,rhode rotation swatches four peptide lip tints,20,mp4
236,61,13,2024-05-25T18:45:26.000Z,982,@Juju,,34200,12,blues,7,mp4
237,85,18,2024-05-25T17:08:26.000Z,1859,@tamara_okah,,40300,23,ultimate barrier nourishment,28,mp4
238,87,18,2024-05-25T16:11:30.000Z,1771,@Carla,,36600,31,rhode postcard greetings italy ginola,12,mp4
240,165,65,2024-05-24T17:29:22.000Z,4904,,,56000,44,rhode unboxings,14,mp4
241,102,14,2024-05-24T16:04:59.000Z,2266,,,34600,24,sun glazed salty summer skin duo,9,mp4
242,139,23,2024-05-23T20:44:56.000Z,2797,,,43000,37,rhode summer starts,9,mp4
243,153,26,2024-05-23T18:14:23.000Z,3089,@Thu,,49600,45,summer glaze ft rhode kit | career advice,17,mp4
244,117,26,2024-05-23T16:05:25.000Z,1609,,,31300,73,rhode tastes like summer,12,mp4
245,65,20,2024-05-22T20:13:36.000Z,1130,,,33900,22,take us summer,17,mp4
246,124,13,2024-05-22T18:09:19.000Z,1563,,,26800,25,go rhode,0,
247,147,26,2024-05-22T16:24:00.000Z,7253,,,90200,52,rhode run ‚Äç,6,mp4
248,159,33,2024-05-21T20:26:36.000Z,2304,@Yas,,49300,67,lip tint try | beauty content creator,20,mp4
249,576,57,2024-05-21T18:28:40.000Z,10400,,,97500,229,bubble case summer manis,0,
250,124,25,2024-05-21T16:07:33.000Z,1590,@‚ú®V,,36400,10,favorite rhode hacks,39,mp4
251,131,24,2024-05-20T20:19:14.000Z,2869,,,50200,22,rhode en route,15,mp4
252,682,50,2024-05-20T18:46:51.000Z,10100,,,77300,103,‚Äô bag summer,0,
253,74,21,2024-05-20T16:06:43.000Z,1714,,,33500,24,rhode unpacked rhode kit comes bundled bubble bag perfectly sized hold essentials,22,mp4
254,116,29,2024-05-19T19:32:19.000Z,2248,,,38500,28,almost summertime,15,mp4
255,157,22,2024-05-19T17:55:37.000Z,4473,,,49700,47,summer skin duo,0,
256,379,48,2024-05-19T16:09:56.000Z,6613,@Freya,,70300,85,way tidy,7,mp4
257,274,37,2024-05-18T19:39:02.000Z,4582,,,66600,34,rhode rinse repeat,23,mp4
258,155,27,2024-05-18T18:30:46.000Z,2350,,,36200,41,treat tint spf,0,
259,117,17,2024-05-18T16:10:01.000Z,2476,@Amy,,40300,25,everyday glaze morris,25,mp4
261,96,27,2024-05-17T19:26:29.000Z,3583,@tamara_okah,,52500,20,peptide lip tints,0,
262,110,24,2024-05-17T16:05:38.000Z,2561,@Lera,,38700,31,lip tint shade raspberry jelly,7,mp4
264,1764,58,2024-05-16T18:35:12.000Z,24900,@Hannah,,268700,952,juneva lip tints four sheer buildable shades leave lips naturally plump hydrated nourished within,29,mp4
266,110,32,2024-05-15T19:34:28.000Z,2785,@Ellie,,64800,79,keep lip close delphine,7,mp4
267,41,15,2024-05-15T17:36:56.000Z,1304,@Rheanna,,37300,23,rhode night ft lip tints,7,mp4
268,246,57,2024-05-15T16:44:22.000Z,5599,,,67500,30,summer skin loading‚Ä¶,0,
269,176,28,2024-05-14T19:43:36.000Z,2800,,,52100,40,keep lip tint treat close,0,
270,361,44,2024-05-14T18:23:34.000Z,7661,@Diana,,78400,87,lip tint shade espresso cup espresso side,6,mp4
271,149,19,2024-05-14T16:06:20.000Z,1836,@Skinfluencer,,41300,28,reaches rhode kit get barrier summer ready,59,mp4
272,551,40,2024-05-13T20:49:45.000Z,7589,@isabellemathers,,108900,104,hydrated skin key perfect makeup base uses glazing milk brc,33,mp4
273,5380,256,2024-05-13T18:11:58.000Z,181200,@madison,,1600000,1050,peptide lip treatment,29,mp4
274,135,23,2024-05-13T16:03:36.000Z,1980,@Melissa,,43200,40,christine spring lip combo using lip tint shade espresso,16,mp4
275,115,28,2024-05-12T21:03:37.000Z,1945,@kader_bztg,,51100,29,cup rhode,10,mp4
276,219,46,2024-05-12T18:20:09.000Z,5336,@Fathia,,61100,37,/ ŸÅÿ™ÿ≠Ÿäÿ©,18,mp4
278,68,40,2024-05-11T20:53:47.000Z,2033,@CeCe,,66500,28,go gloss velvety smooth hydrated lips,11,mp4
279,5342,445,2024-05-11T18:41:21.000Z,116200,,,632100,3551,rhode jackpot,0,
280,101,27,2024-05-11T16:05:02.000Z,3674,@keliamoniz,,69900,20,rhode close friends mother day weekend,26,mp4
281,143,39,2024-05-10T20:09:49.000Z,3367,@Kelly,,85400,18,glazed head toe  glazing milk,32,mp4
283,210,69,2024-05-10T16:02:57.000Z,6065,,,77200,56,shades summer,0,
284,305,54,2024-05-09T23:24:44.000Z,10300,@Cassie,,146800,91,yesterday la rhode booth,8,mp4
286,143,75,2024-05-09T16:17:19.000Z,3636,,,65600,38,rhode booth takes la thank everyone stopped yesterday,37,mp4
287,2202,374,2024-05-09T02:40:35.000Z,75600,,,626500,1812,rhode booth la thank everyone stopped,19,mp4
288,884,192,2024-05-08T20:43:04.000Z,37300,,,284000,127,hb rhode booth,0,
289,224,87,2024-05-08T20:07:06.000Z,6763,,,93900,230,hi la rhode booth arrived today stop rhode booth cute pic peptide lip tint 11am 7pm 8575 melrose ave west hollywood ca 90069,14,mp4
290,11000,706,2024-05-08T17:56:01.000Z,263800,,,2500000,4652,four shades together peptide lip tints back,9,mp4
291,3628,739,2024-05-07T22:54:20.000Z,66800,,,573300,9335,hi los angeles rhode booth making stops coming la first stop tomorrow cute pic peptide lip tint may 8th 11am 7pm 8575 melrose ave west hollywood ca 90069,12,mp4
292,391,42,2024-05-07T19:49:52.000Z,4522,,,64300,68,squeeze swipe tint shine peptide lip tints back tomorrow including set four shades see 9am pt,0,
293,156,47,2024-05-07T18:32:13.000Z,2643,@damarisarely_,,57200,87,replying lip tint set coming back tomorrow 9am pt,15,mp4
294,2050,71,2024-05-06T21:20:16.000Z,28100,@marta,,243000,1098,ribbon en route p√©rez ),8,mp4
295,530,49,2024-05-06T17:08:00.000Z,12800,,,126500,171,choose tint,0,
296,96,13,2024-05-06T16:13:06.000Z,1537,@Kristina,,47800,29,get ready  rhode,44,mp4
297,2753,206,2024-05-05T20:00:21.000Z,47200,,,268300,1431,f1 girlies rhode,0,
298,223,13,2024-05-05T17:53:10.000Z,2864,,,52200,129,rhode rotation,5,mp4
299,194,22,2024-05-05T16:04:45.000Z,3695,,,59700,34,chilled red peptide lip tint shade raspberry jelly gives lips burst refreshing hydration leaving glossy crushed berry finish,0,
300,91,21,2024-05-04T19:56:19.000Z,2798,@Marie,,58300,37,gaguech espresso go,15,mp4
301,91,14,2024-05-04T19:01:12.000Z,1672,@llola.rosalie,,38900,22,get ready rhode,38,mp4
302,13100,674,2024-05-04T16:08:02.000Z,230700,,,2300000,5874,four sheer buildable shades melt onto lips rich glossy finish peptide lip tints lip tint set back may 8th 9am pt,8,mp4
303,956,148,2024-05-03T19:27:45.000Z,29300,,,232000,463,diving summer lip tints back may 8th 9am pt,6,mp4
304,525,70,2024-05-03T18:08:20.000Z,11300,,,112100,289,take tint peptide lip tints return may 8th including set four shades join waitlist rhodeskincom,0,
305,111,25,2024-05-03T16:08:37.000Z,1707,,,40000,60,rhode rotation peptide lip tints return may 8th including set four shades join waitlist rhodeskincom,29,mp4
306,248,27,2024-05-02T20:24:10.000Z,3834,,,50700,68,ready summer,0,
307,68,13,2024-05-02T17:17:40.000Z,1339,@Cheyenne,,36100,16,routine always looks forward,36,mp4
308,557,50,2024-05-02T16:05:59.000Z,15300,,,114700,72,making rhode booth,0,
309,495,81,2024-05-01T19:15:32.000Z,13000,,,124900,150,rhode love,0,
310,188,27,2024-05-01T17:51:28.000Z,3685,,,56600,59,reminder summer right around corner,8,mp4
311,150,35,2024-05-01T16:11:21.000Z,2819,,,45900,71,rhode phonebook,13,mp4
312,469,66,2024-04-30T19:06:01.000Z,12800,@leah,,105700,62,halton uses barrier restore cream hydrated skin key perfect makeup base,26,mp4
313,159,36,2024-04-30T16:14:03.000Z,4045,,,50200,27,summer,0,
314,144,19,2024-04-29T22:05:17.000Z,2794,@livmanni,,41900,40,start day  rhode,10,mp4
315,161,17,2024-04-29T19:04:28.000Z,2331,@kel__king,,37100,27,4 daily skin essentials,60,mp4
316,3936,597,2024-04-29T16:54:17.000Z,96400,,,724300,1350,rhode work come along little tour la office,30,mp4
317,126,27,2024-04-28T19:23:04.000Z,2274,,,40800,27,rhode summer ready,0,
318,1206,95,2024-04-28T18:25:01.000Z,25700,,,162900,581,lip tint love,0,
319,168,33,2024-04-28T16:07:27.000Z,3514,@stephhui,,70700,113,lip case,5,mp4
320,368,52,2024-04-27T19:42:03.000Z,9953,@Tyanna,,199500,98,plump soft glazed  gold uses lip treat rhode vanilla,11,mp4
321,377,54,2024-04-27T18:22:51.000Z,11300,@Hailey,,92900,95,bieber ‚Äç,0,
322,188,38,2024-04-27T16:00:53.000Z,5513,@sophiess,,140800,113,lip case,9,mp4
323,133,30,2024-04-26T19:17:01.000Z,3170,,,46900,39,rhode vanilla 4ever,6,mp4
324,605,31,2024-04-26T17:52:16.000Z,9031,@dylan,,67600,112,favorite things,5,mp4
325,79,15,2024-04-26T16:38:36.000Z,2564,,,39800,20,rhode vanilla,31,mp4
326,43,23,2024-04-25T21:44:13.000Z,997,@Maya2222,,28000,11,day night essentials,0,
327,352,32,2024-04-25T18:04:03.000Z,6012,@Elies,,93500,189,fresh frosted glazed uses peptide lip treatment rhode vanilla,7,mp4
328,140,29,2024-04-25T16:33:59.000Z,1841,@BUNNY‚Äôs,,34100,29,gentle nourishing rhode kit routine,79,mp4
329,467,49,2024-04-24T19:55:36.000Z,12000,@Matilda,,105300,49,djerf rhode vanilla lip treat,0,
330,958,126,2024-04-24T17:57:45.000Z,28600,,,235200,320,rhode vanilla smells like,0,
331,5198,485,2024-04-24T16:02:33.000Z,139000,,,801600,3117,serving rhode vanilla requested peptide lip treatment returned dig rhodeskincom,16,mp4
332,268,86,2024-04-23T21:19:18.000Z,3935,,,44100,66,rhode vanilla mood,16,mp4
333,2293,147,2024-04-23T19:46:11.000Z,55500,,,342900,491,rhode sightings lip treat rhode vanilla,0,
334,260,142,2024-04-23T16:07:49.000Z,6266,,,66000,141,‚Äô listening,11,mp4
335,99,32,2024-04-22T21:29:44.000Z,2592,,,40000,29,rhode line,0,
336,136,12,2024-04-22T17:54:08.000Z,2210,@Sarah,,39100,45,say way lysander,11,mp4
337,196,30,2024-04-22T16:04:38.000Z,8637,@Meredith,,124700,20,get unready duxbury ft peptide lip tint shade ribbon,8,mp4
338,87,14,2024-04-21T22:24:45.000Z,1119,@Lotte,,27000,12,wake rhode ‚Äç elizabeth,0,
339,99,23,2024-04-21T19:00:53.000Z,2297,@Gacia‚Äôs,,42100,14,vacation skincare routine pineapple refresh glazing milk swipe lip treat,28,mp4
340,123,24,2024-04-21T16:01:00.000Z,2265,,,39100,29,ingredient spotlight beta glucan find glazing milk nutrient rich essence,0,
341,107,24,2024-04-20T23:03:22.000Z,1911,@Shannon,,36600,16,hydrated skin key perfect makeup base zhao rhode kit,55,mp4
342,132,38,2024-04-20T18:14:41.000Z,3699,@Mandy,,47900,36,madden kelley,6,mp4
344,118,30,2024-04-19T17:30:24.000Z,4140,@Emili,,69100,10,get coin choose tint snap pic  sindlev,7,mp4
345,139,20,2024-04-19T16:02:32.000Z,2481,@meghan,,45000,26,festival season ft rhode currie,0,
346,148,49,2024-04-18T20:29:24.000Z,2919,@pinaydora,,61500,80,inside rhode kit,10,mp4
347,2329,64,2024-04-18T18:43:35.000Z,26700,@Elies,,210100,551,ootw  lip case,13,mp4
348,102,19,2024-04-18T16:17:45.000Z,2827,@Charlotte,,56600,14,pineapple refresh take waterproof sunscreen palermino puts test uv camera,76,mp4
349,345,46,2024-04-17T18:38:05.000Z,7321,@Kika,,102200,104,rhode sightings  cerqueira gomes lip case,11,mp4
350,3076,125,2024-04-17T16:09:28.000Z,74900,,,396300,513,spring break,0,
351,155,33,2024-04-16T20:43:42.000Z,4343,,,65600,26,rhode booth love,0,
352,2833,479,2024-04-16T18:04:06.000Z,75400,,,634700,1092,skin bottle,0,
353,158,20,2024-04-16T16:10:14.000Z,2744,,,44400,43,spring mood,16,mp4
354,140,35,2024-04-15T22:44:15.000Z,3478,@livmanni,,54500,16,rhode booth,0,
355,259,72,2024-04-15T21:16:52.000Z,8582,,,94600,61,weekend hb desert,0,
356,1477,192,2024-04-15T19:06:40.000Z,48000,,,382300,457,rhode booth,21,mp4
358,4899,1437,2024-04-14T23:03:45.000Z,139800,,,885900,1479,come inside rhode booth,0,
359,395,85,2024-04-14T20:59:46.000Z,11600,,,97400,158,rhode booth takes desert,31,mp4
360,185,28,2024-04-13T18:48:42.000Z,2712,@laura-bettina,,62500,22,bettina lip tint shade toast,12,mp4
361,612,61,2024-04-13T16:57:38.000Z,15200,@sophiess,,188300,368,mornings rhode,19,mp4
362,256,26,2024-04-13T14:57:02.000Z,3861,,,79000,64,cold brew peptide lip tint shade espresso glossy wash rich brown revives dry lips powerful hydration,0,
363,5435,611,2024-04-13T04:56:55.000Z,150500,,,1000000,4048,rhode booth take pics get lip tint headed desert weekend coming new stops soon,20,mp4
364,276,41,2024-04-12T18:23:54.000Z,3519,@Madison,,60100,72,morning hydration amateau,25,mp4
365,264,59,2024-04-12T16:14:45.000Z,4772,,,74300,49,headed desert warm weather essentials,0,
366,345,54,2024-04-11T23:12:01.000Z,7094,,,113500,207,lip case unboxing bubble phone case hugs favorite rhode lip take everywhere,7,mp4
367,227,26,2024-04-11T19:04:42.000Z,3461,@Alissajanay,,59100,51,springtime makeup skin prep glazing milk glaze brc bright pop color eyes lip tint shade ribbon,50,mp4
368,2106,515,2024-04-11T16:04:02.000Z,91400,,,889600,456,hb routine dewy springy glow,66,mp4
369,156,40,2024-04-10T19:25:31.000Z,5049,,,70800,21,rhode sightings  lip case,0,
370,70,22,2024-04-10T18:08:28.000Z,842,,,33900,37,spring essentials,4,mp4
371,35300,415,2024-04-10T16:22:45.000Z,244300,@Zola,,2300000,6014,hb pink jelly glazed mani,49,mp4
372,9022,640,2024-04-09T20:22:38.000Z,247900,,,3800000,3612,hb lip tints 4 shades available rhodeskincom,13,mp4
373,152,31,2024-04-09T17:07:19.000Z,3023,,,67600,107,made lip case lip tints 4 shades back rhodeskincom,12,mp4
374,316,63,2024-04-09T16:04:34.000Z,5895,,,84200,248,choose tint lip case lip tints back rhodeskincom,5,mp4
375,1813,131,2024-04-08T20:14:53.000Z,35500,,,269500,992,lip tints coming back tomorrow ribbon raspberry jelly toast espresso,16,mp4
376,269,35,2024-04-08T17:46:23.000Z,3815,,,53200,87,raspberry jelly mood,10,mp4
377,74,20,2024-04-08T16:15:35.000Z,2072,,,47600,13,lip case back tomorrow 9am pt,0,
378,1582,149,2024-04-07T20:42:40.000Z,40200,,,404900,888,see april 9th 9am pt join waitlist rhodeskincom,5,mp4
379,8023,182,2024-04-07T18:04:58.000Z,89600,@Bella,,952400,2128,perfect rose taupe  lip tint shade toast,25,mp4
380,345,28,2024-04-07T16:11:42.000Z,3981,,,54300,92,espresso mood,10,mp4
381,339,36,2024-04-06T22:43:29.000Z,7346,,,98200,151,lip tint shade espresso,5,mp4
382,160,32,2024-04-06T19:39:23.000Z,3221,,,92000,61,rose taupe,0,
383,319,33,2024-04-06T18:45:17.000Z,5773,,,78600,66,toast mood,11,mp4
384,278,23,2024-04-06T16:08:25.000Z,4202,@Mariah,,68900,100,clayton lip tints back april 9th 9am pt,64,mp4
385,512,132,2024-04-05T17:34:48.000Z,6047,,,81000,189,ribbon mood,13,mp4
386,81,31,2024-04-05T16:04:44.000Z,2091,@The,,85700,43,laroi lip case,0,
387,1054,59,2024-04-04T22:51:35.000Z,15700,@Bettina,,182900,317,choose mood,0,
388,207,36,2024-04-04T18:16:49.000Z,2779,,,91300,52,hb lip case back april 9th 9am pt,0,
389,1399,154,2024-04-04T16:07:53.000Z,31000,,,340500,868,fresh batch peptide lip tints lip cases way see april 9th 9am pt,11,mp4
390,117,31,2024-04-03T21:45:38.000Z,2551,@Aida,,65500,28,abdykashova 4 step routine ft rhode kit,12,mp4
391,263,33,2024-04-03T18:25:17.000Z,4516,@Hailey,,94400,60,rhode care perioral dermatitis  bieber routine treating soothing flare ft glazing milk,53,mp4
392,7316,1137,2024-04-03T16:31:29.000Z,198300,@L√≠via,,1200000,2396,daily hydration essentials marques uses pineapple refresh glazing milk glaze brc peptide lip treat,40,mp4
393,98,28,2024-04-02T21:14:50.000Z,2217,@Kenza,,53800,17,rhode kit first impressions hall,165,mp4
394,148,29,2024-04-02T19:01:45.000Z,3379,@ALEX,,59500,63,right rivi√®re,7,mp4
395,90,14,2024-04-02T17:35:00.000Z,2239,,,39100,16,bts tina,10,mp4
396,68,15,2024-04-01T21:21:27.000Z,1271,@Ro,,40200,22,rhode kit barrier loving formulas provide essential hydration skin types,84,mp4
397,174,31,2024-04-01T19:38:15.000Z,2945,,,44700,27,glaze feels like,9,mp4
398,129,30,2024-04-01T16:49:47.000Z,2601,@jennybvby,,43700,24,multitasking essentials fit seamlessly routine,23,mp4
399,109,19,2024-03-31T19:23:04.000Z,3007,@Jillian,,47000,12,sensitive skin friendly barrier loving formulas provide essential hydration skin types  lee gurley,71,mp4
401,245,35,2024-03-30T21:38:38.000Z,4696,,,54500,50,daily essentials,0,
402,249,42,2024-03-30T18:19:37.000Z,6232,,,73600,74,rhode textures,12,mp4
403,238,27,2024-03-30T16:08:19.000Z,4007,@jodes‚Äôs,,57600,52,rhode kit routine,44,mp4
404,552,46,2024-03-29T20:37:56.000Z,13400,@sam,,131800,122,wash day away nighttime routine,19,mp4
405,1642,84,2024-03-29T18:09:17.000Z,29800,,,225100,645,swipe see inside,0,
406,144,29,2024-03-29T16:22:04.000Z,2777,@Michaela,,39500,26,uses multitasking essentials skincare makeup routines,57,mp4
407,125,23,2024-03-28T19:42:49.000Z,3305,@alexis,,46700,16,dimaya rhode review three skincare essentials nourish barrier glazed dewy skin,46,mp4
408,372,39,2024-03-28T17:34:25.000Z,7309,,,102100,35,one collection endless ways glaze,0,
409,88,19,2024-03-28T16:08:37.000Z,2168,@kristyn,,34600,5,hoffman ‚Äò pineapple refresh review formulated skin refreshing ingredients leave skin clean soft bouncy post rinse,112,mp4
411,110,30,2024-03-27T18:30:06.000Z,3402,,,42500,22,pineapple refresh feels like,0,
412,87,15,2024-03-27T17:02:27.000Z,2745,,,38900,11,bottle skin,0,
413,51,22,2024-03-26T20:42:07.000Z,1415,,,36100,15,brc love available rhode kit rhodeskincom,50,mp4
414,53,19,2024-03-26T17:23:51.000Z,1603,,,28300,15,bts paris skin prep glazing milk glaze brc lip treat,25,mp4
415,265,24,2024-03-26T16:11:34.000Z,2838,,,39400,142,reach morning evening makeup prep routines,8,mp4
416,57,19,2024-03-25T20:37:01.000Z,2004,,,36300,22,peptide glazing fluid,38,mp4
417,641,68,2024-03-25T18:05:15.000Z,14100,,,106400,119,reset rhode,6,mp4
418,187,24,2024-03-25T16:10:26.000Z,5005,,,59000,62,bts paris,7,mp4
419,52,30,2024-03-24T20:03:58.000Z,1536,,,36400,12,glazing milk find rhode kit,49,mp4
420,168,25,2024-03-24T18:23:54.000Z,3914,@Madison,,48200,52,nighttime routine bar ft new rhode kit,30,mp4
421,424,59,2024-03-24T16:08:20.000Z,10900,,,108700,126,la la la la la,0,
422,68,25,2024-03-23T20:48:03.000Z,2057,,,45500,10,pineapple refresh love find rhode kit,53,mp4
423,242,47,2024-03-23T17:12:47.000Z,5573,,,131800,72,rhode kit one everything really good hydrated glowy skin bundled rhode bubble bag rhodeskincom,0,
425,1468,169,2024-03-22T19:52:01.000Z,36900,@Hanna,,418400,611,sch√∂nberg rhode kit,20,mp4
426,125,38,2024-03-22T18:18:45.000Z,2965,,,45600,41,tried true essentials find rhode kit,9,mp4
427,105,18,2024-03-22T16:06:01.000Z,2088,,,35500,25,tried true essentials rhode bubble bag rhodeskincom,28,mp4
428,201,27,2024-03-21T23:24:20.000Z,1688,,,37200,55,get new classics rhode kit rhodeskincom,0,
429,1375,141,2024-03-21T21:30:11.000Z,11400,,,188100,574,hb rhode kit available rhodeskincom,92,mp4
430,240,58,2024-03-21T20:50:38.000Z,3252,,,53200,205,meet new classics rhode kit cleanser essence gel serum moisturizer bundled rhode bubble bag,16,mp4
432,115,55,2024-03-20T17:47:04.000Z,2502,,,36400,54,something new arrives tomorrow,9,mp4
433,145,22,2024-03-20T17:27:03.000Z,2063,@Tsutsumi,,32200,49,espresso go hoang,11,mp4
434,133,26,2024-03-19T20:20:04.000Z,1859,,,45200,18,rhode bloom,0,
435,162,29,2024-03-19T18:05:26.000Z,6739,,,61800,21,lip case sightings,0,
436,58,18,2024-03-19T16:45:02.000Z,1418,@Emili,,34300,34,lip case touch ups sindlev,11,mp4
437,211,37,2024-03-18T20:16:35.000Z,5211,,,50600,25,home rhode,0,
438,114,19,2024-03-18T18:42:47.000Z,2824,@Patricia,,54900,23,get unready rhode  san pedro,14,mp4
440,158,21,2024-03-17T17:42:28.000Z,4250,@olivia,,74100,12,good base goes long way jade hydrated skin crucial long lasting makeup base glazing milk lightweight essence gives skin luminous hydration needs,72,mp4
443,100,15,2024-03-16T17:01:41.000Z,1936,,,37000,10,glazing milk perfect makeup base,43,mp4
444,82,16,2024-03-16T16:02:38.000Z,1706,,,30700,23,brc feels like‚Ä¶,0,
445,428,56,2024-03-15T19:26:32.000Z,7879,@Shey,,88000,59,morning rhode routine nascimento hutzler,15,mp4
446,121,23,2024-03-15T17:57:44.000Z,2749,,,42700,41,balm lather daily pga cleanser pineapple refresh,10,mp4
447,1551,85,2024-03-15T15:48:38.000Z,58000,,,407900,194,found us,0,
448,98,32,2024-03-14T21:58:29.000Z,2621,@Samantha,,46400,53,borges,8,mp4
449,136,15,2024-03-14T17:30:52.000Z,2471,,,38100,16,slow start rhode,0,
450,89,20,2024-03-14T16:06:43.000Z,2169,@cathy‚Äôs,,40200,8,pineapple refresh review formulated leave skin clean soft bouncy post rinse,28,mp4
451,436,31,2024-03-13T19:44:33.000Z,4943,,,73400,44,favorite rhode hacks,0,
452,463,36,2024-03-13T18:05:18.000Z,12100,@Sunny,,162200,65,rhode sounds like  tsao,44,mp4
453,879,51,2024-03-13T16:34:34.000Z,17700,,,316800,77,little bag lots rhode,0,
454,113,31,2024-03-12T19:55:37.000Z,2498,@Kiana,,44300,13,hyrdated skin key perfect makeup base shares rhode essentials luminous dewy glow,46,mp4
455,115,23,2024-03-12T17:41:38.000Z,2940,@pashu‚Äôs,,41800,8,5 step rhode routine pineapple refresh glazing milk peptide glazing fluid barrier restore cream peptide lip treatment,18,mp4
456,465,30,2024-03-12T16:29:59.000Z,6555,@caitlin‚Äôs,,118100,113,raspberry jelly lip combo lip tints back early april,9,mp4
457,146,26,2024-03-11T20:01:18.000Z,2934,@Maddie,,43800,40,rhode night,17,mp4
458,89,30,2024-03-11T18:33:27.000Z,2344,,,39700,10,lip treat naturally plump pillowy soft lips day night,0,
459,675,20,2024-03-11T16:14:14.000Z,8860,@isabellemathers‚Äôs,,78800,36,birthday glam skin prepped glazing milk brc,58,mp4
460,70,25,2024-03-10T18:31:00.000Z,1609,,,38700,16,good service lip case back early april join waitlist rhodeskincom,0,
461,16900,467,2024-03-10T17:13:38.000Z,271200,@aminaoui,,2200000,1868,inspired lip tints,16,mp4
462,286,19,2024-03-10T16:12:42.000Z,5512,@Nnenna,,59400,28,morning paris  rhode,12,mp4
463,54,25,2024-03-09T20:10:51.000Z,2254,@Olabisi,,50300,9,rinse hydrate uses pineapple refresh glazing milk brc peptide lip treatment,13,mp4
464,541,57,2024-03-09T18:54:08.000Z,11000,,,98700,46,rhode reviews,26,mp4
465,314,97,2024-03-09T17:07:26.000Z,8915,@Hailey,,110700,46,bieber,43,mp4
466,55,25,2024-03-08T22:56:00.000Z,1661,@lexpfenning,,48500,7,puts pineapple refresh test,45,mp4
467,89,33,2024-03-08T17:53:48.000Z,2687,@Siera,,52500,6,skin alexis glazed rhode,6,mp4
469,467,102,2024-03-07T18:10:26.000Z,11800,,,152900,83,peptide lip treatment,9,mp4
470,2420,145,2024-03-07T17:00:02.000Z,47400,,,299600,107,paris week,0,
471,265,45,2024-03-06T21:06:09.000Z,9596,@Lou,,158300,26,northcote pineapple refresh review,27,mp4
472,655,50,2024-03-06T19:30:25.000Z,12500,,,108400,108,mornings powered rhode,0,
473,111,21,2024-03-06T17:19:59.000Z,2748,@laura-bettina,,48900,8,bettina preps tints using glazing milk peptide glazing fluid lip tint shade toast,19,mp4
474,75,24,2024-03-05T22:38:43.000Z,1782,,,48000,17,kelly post shower rhode routine pineapple refresh glazing milk glaze brc lip treat,21,mp4
475,563,66,2024-03-05T21:02:04.000Z,19400,@ariana,,138300,26,get ready rhode pfw,36,mp4
476,131,24,2024-03-05T17:21:15.000Z,2907,,,48800,34,rich cooling creamy goodness,10,mp4
477,84,31,2024-03-04T21:51:00.000Z,3151,@Matilda,,50400,6,pre dinner treat djerf,0,
479,123,34,2024-03-04T17:00:10.000Z,3885,@Mikayla,,65300,25,post cleanse glow nogueira rinses pineapple refresh cleanser,55,mp4
480,152,45,2024-03-03T20:44:36.000Z,3724,,,64100,15,pineapple refresh love,8,mp4
481,661,108,2024-03-03T18:26:55.000Z,23700,@Toni,,160000,94,bravo lip case lip tints back april join waitlist rhodeskincom,7,mp4
482,206,29,2024-03-03T17:11:28.000Z,3157,@Gacia,,62900,15,wears peptide lip tint shade raspberry jelly,12,mp4
483,404,52,2024-03-02T21:18:44.000Z,6473,@Camila,,80900,137,nourishing lip layer peptide lip treatment orsi,15,mp4
484,95,30,2024-03-02T18:49:47.000Z,2677,@Endlesslyloveclub,,45400,14,wears peptide lip tint shade toast,7,mp4
485,123,27,2024-03-02T17:13:36.000Z,2796,,,41200,15,barrier care starts three skincare essentials nourish barrier glazed dewy skin essential prep step glazing milk dewy hydration layer peptide glazing fluid rich recovery layer barrier restore cream,21,mp4
486,737,36,2024-03-01T22:04:00.000Z,5651,@Danielle,,99500,25,recreating hb makeup look estrada rhode product breakdown skin lip prep using glazing milk peptide lip treatment swipe lip tint shade toast,150,mp4
487,58,21,2024-03-01T20:19:23.000Z,1437,@zoe,,39500,14,rhode review,28,mp4
488,254,33,2024-03-01T17:32:05.000Z,5734,,,58800,26,february wrap,0,
489,357,87,2024-02-29T19:45:53.000Z,9046,,,97600,39,night essentials,0,
490,4412,206,2024-02-29T18:15:56.000Z,65000,,,423400,258,world rhode,0,
491,265,34,2024-02-29T16:01:49.000Z,6114,,,76700,20,espresso roast rich brown lip tint shade perfect late nights morning cup,0,
492,3877,129,2024-02-28T20:48:07.000Z,42300,,,378500,82,get look,0,
494,156,42,2024-02-28T19:01:42.000Z,3842,,,63900,55,lip service pre order rhodeskincom,10,mp4
495,2233,273,2024-02-27T21:58:04.000Z,38800,,,484700,1470,rhode sightings  lip case,19,mp4
496,2888,530,2024-02-27T17:08:36.000Z,65600,,,908900,968,1 800 rhodethe lip case lip tints arrived rhodeskincom,8,mp4
497,12700,848,2024-02-27T17:03:42.000Z,288600,,,2600000,1692,never lose lip lip case lip tints 4 core colors available rhodeskincom,9,mp4
498,260,76,2024-02-27T00:48:34.000Z,5042,,,98600,64,lip tints 4 core colors restock tomorrow 9am pt ribbon sheer pink toast rose taupe espresso rich brown raspberry jelly crushed berry,15,mp4
499,485,149,2024-02-26T22:05:00.000Z,9562,,,125300,239,lip case lip tints arrive tomorrow 9am pt,6,mp4
500,3744,352,2024-02-26T20:29:47.000Z,83100,,,876600,608,lip tints hb restocking february 27th 9am pt,13,mp4
501,119,33,2024-02-26T19:22:26.000Z,2335,,,60500,22,pick phone set reminder tomorrow february 27th 9am pt lip case lip tint restock go live rhodeskincom,0,
502,6696,347,2024-02-25T22:29:05.000Z,107700,,,1000000,975,gloss treat tint lip tints back february 27th 9am pt rhodeskincom,8,mp4
504,918,81,2024-02-25T20:10:24.000Z,17600,@abelyn,,187300,176,peptide lip tint try back stock february 27th 9am pt,49,mp4
505,1124,80,2024-02-25T17:24:16.000Z,15100,,,140000,223,text treat tint go,13,mp4
506,599,75,2024-02-24T23:35:58.000Z,12100,,,159200,143,4 core colors back february 27th 9am pt,27,mp4
507,166,24,2024-02-24T20:13:54.000Z,3291,@sophiess,,69900,35,lip tint touch ups wearing shade toast,12,mp4
508,1709,139,2024-02-24T18:25:53.000Z,39700,,,378700,309,powerful treatment lip tint one lip tints back february 27th 9am pt,7,mp4
509,355,56,2024-02-24T17:09:07.000Z,5189,,,63400,53,ribbon mood,11,mp4
510,169,35,2024-02-23T21:08:54.000Z,2805,,,62900,16,get ready rhode skin prep lip tints 4 core colors back february 27th 9am pt,31,mp4
511,122,43,2024-02-23T18:54:05.000Z,3691,,,67500,19,lip tints feature sheer buildable formula melts onto lips leaving glossy finish hint tint 4 core colors,36,mp4
512,315,47,2024-02-23T17:10:01.000Z,7252,,,81200,33,warm toasty,0,
513,114,42,2024-02-22T20:33:14.000Z,2586,@eman,,65100,18,rise refresh morning rhode routine,20,mp4
514,243,68,2024-02-22T19:17:33.000Z,9222,@Kensington,,122800,44,lip case  launching february 27th 9am pt,14,mp4
515,398,83,2024-02-22T17:27:18.000Z,9671,,,133900,94,sheer buildable formula leaves lips glossy hydrated hint tint lip tints coming back february 27th 9am pt,9,mp4
516,151,39,2024-02-22T00:02:56.000Z,5775,@Izabel,,88600,32,ottoni lip treat,0,
517,11700,990,2024-02-21T23:09:12.000Z,417400,,,2900000,830,would lip cases grab february 27th 9am pt,0,
518,748,74,2024-02-21T18:57:08.000Z,15300,,,310500,182,lip tint try sheer buildable formula leaves lips glossy hydrated hint tint 4 core colors espresso rich brown toast rose taupe raspberry jelly crushed berry ribbon sheer pink coming back february 27th 9am pt,78,mp4
519,406,93,2024-02-20T20:57:16.000Z,8631,,,108800,72,lip tints back stock february 27th 9am pt join waitlist rhodeskincom,22,mp4
522,2084,137,2024-02-19T21:09:18.000Z,55100,,,556100,117,rhode ingredients peptides find peptide lip treatments tints,13,mp4
523,119,38,2024-02-19T17:57:06.000Z,2474,@ori‚Äôs,,60900,20,morning rhode routine,25,mp4
524,84,31,2024-02-18T22:06:14.000Z,1069,,,55400,36,weekend treats rhode hb strawberry glaze soft serve sundae,4,mp4
525,1864,79,2024-02-18T20:30:25.000Z,20800,@Tziporah,,325700,79,lip tint shade raspberry jelly,51,mp4
526,251,26,2024-02-18T18:22:44.000Z,3635,,,69200,40,mood,14,mp4
527,5406,256,2024-02-18T17:04:05.000Z,93500,,,786100,558,call lip case lip tints launching together february 27th 9am pt join waitlist rhodeskincom,10,mp4
528,298,48,2024-02-17T22:18:30.000Z,9930,,,128600,26,rhode goodies hb strawberry glaze soft serve,6,mp4
529,143,38,2024-02-17T19:42:13.000Z,3364,@ronrobinsoncosmeticc:,,86100,18,rhode ingredient deep dive  next gen hyaluronic acid find pineapple refresh formula,35,mp4
530,996,90,2024-02-17T18:38:25.000Z,16900,,,149100,103,like shot espresso,14,mp4
531,571,79,2024-02-17T17:04:15.000Z,12300,,,135600,89,rhode night,9,mp4
532,11300,1606,2024-02-16T19:55:03.000Z,272800,,,2300000,2230,choose tint,5,mp4
533,74,26,2024-02-16T18:42:33.000Z,1630,,,86000,9,rhode sightings hb lip case,4,mp4
535,1165,345,2024-02-15T19:03:33.000Z,36100,@Rikke,,343100,236,lip case arrives february 27th 9am pt rhodeskincom krefting,12,mp4
536,352,74,2024-02-15T17:26:12.000Z,6502,,,139000,52,raspberry jelly mood,12,mp4
537,248,130,2024-02-14T23:34:39.000Z,5385,@Julia,,215900,164,case hobbs lip case lip tints arrive february 27th 9am pt,12,mp4
538,424,77,2024-02-14T18:56:52.000Z,10500,,,233100,36,rhode crush,0,
539,890,65,2024-02-14T17:17:11.000Z,8475,,,211100,55,breakfast rhode valentine day edition,19,mp4
540,13600,1135,2024-02-13T19:35:55.000Z,351400,,,4000000,1449,lip tints finally coming back 4 sheer buildable shades melt onto lips rich glossy finish join waitlist rhodeskincom,10,mp4
541,11900,1299,2024-02-13T18:00:58.000Z,506200,,,6400000,2395,rhode sightings jb lip case launching february 27th 9am pt join waitlist rhodeskincom,6,mp4
542,20600,2131,2024-02-13T17:17:09.000Z,411500,,,2900000,4509,text treat tint peptide lip tints coming back plus something cute hold meet lip case compatible iphone favorite peptide lip tint treatment launching together february 27th 9am pt rhodeskincom,10,mp4
543,3355,622,2024-02-13T02:22:49.000Z,107700,,,1200000,2204,strawberry glaze 4ever starting valentine day erewhon get rhode scratcher order hb strawberry glaze soft serve scratch heart chance win free rhode goodies supplies last,24,mp4
544,3651,189,2024-02-12T21:02:14.000Z,231600,@charli,,2700000,155,amelio peptide lip treatment,8,mp4
545,660,181,2024-02-12T06:31:12.000Z,29900,@Hailey,,411200,167,mid game touch bieber,17,mp4
546,253,58,2024-02-12T02:44:02.000Z,4827,@Daniela‚Äôs,,229300,25,first impressions pineapple refresh,70,mp4
547,439,50,2024-02-11T19:58:42.000Z,7832,,,206200,67,vday mood,9,mp4
548,608,88,2024-02-11T17:01:40.000Z,17600,@Hailey,@Toni,272900,53,bieber  bravo chat things rhode beauty  skincare,90,mp4
549,1074,55,2024-02-11T01:12:30.000Z,16200,@Jordan,,234600,47,santos everyday bag essentials,0,
550,321,34,2024-02-10T22:16:31.000Z,4330,@Rudi,,169800,93,rhode restore eczema berry shares journey eczema glazing milk nutrient rich formula helps soothe irritation hydrate skin providing real results,32,mp4
551,311,54,2024-02-10T21:21:36.000Z,6450,,,193000,100,reviews pineapple refresh available rhodeskincom,10,mp4
553,179,30,2024-02-09T20:46:55.000Z,4302,@Laura,,141100,41,wash away day galebe puts pineapple refresh cleanser test,25,mp4
556,6609,183,2024-02-08T19:27:15.000Z,58600,,,411500,116,go lip tint combos,0,
557,287,60,2024-02-07T23:19:28.000Z,5782,,,151000,46,glazing milk,10,mp4
558,797,40,2024-02-07T19:36:41.000Z,13500,,,145200,27,week ft peptide lip treatment go essential day lip hydration,0,
559,417,24,2024-02-07T18:11:38.000Z,4270,@potatogeenah‚Äôs,,112700,36,layers luminous dewy hydration  full rhode routine,33,mp4
560,157,41,2024-02-06T21:46:50.000Z,3250,,,100100,26,glaze,10,mp4
561,1299,41,2024-02-06T19:45:45.000Z,15900,@dylan‚Äôs,,160700,52,inside bag,0,
562,260,27,2024-02-06T17:21:24.000Z,5056,@Tsutsumi,,95700,24,winter morning hoang rhode essentials,9,mp4
564,482,64,2024-02-05T18:46:13.000Z,8396,@Alissajanay,,151000,54,full rhode routine,20,mp4
565,132,23,2024-02-05T17:20:07.000Z,2979,@Claudia,@Carly,83500,14,get ready rhode  sulewski grammy glam fisher rhode product breakdown skin prep using glazing milk peptide glazing fluid plumping pre makeup lip mask using peptide lip treatment foundation mixed peptide glazing fluid lip tint shade ‚Äò toast,61,mp4
566,133,30,2024-02-05T02:34:00.000Z,2276,@Claudia,,85200,37,sulewski getting ready grammy tonight,13,mp4
567,315,55,2024-02-05T01:15:04.000Z,5159,,,100300,88,rhode textures,14,mp4
568,293,14,2024-02-04T20:10:20.000Z,2302,@Michaela,,73800,12,refreshed hydrated gets unready using pineapple refresh cleanser glazing milk,38,mp4
569,106,25,2024-02-04T17:11:08.000Z,2174,,,77900,43,meet rhode ingredient know next gen hyaluronic acid ( ha ) find pineapple refresh formula,14,mp4
570,122,33,2024-02-03T21:24:34.000Z,2573,@haianny,,122600,22,lip treat nourishing peptide powered formula works hard restore replenish dry lips leaving plump glossy finish,7,mp4
571,416,36,2024-02-03T19:06:45.000Z,8295,@MICHELLE,,113700,23,tran rhode review,43,mp4
572,502,29,2024-02-03T17:25:01.000Z,6975,@mobina‚Äôs,,92400,36,‚Äô bag ft lip treat,7,mp4
573,270,30,2024-02-02T21:01:31.000Z,7467,,,98200,15,saves pineapple refresh shoot,0,
574,485,35,2024-02-02T19:06:28.000Z,7638,@Izabel,,132800,44,ottoni rhode routine,26,mp4
575,872,156,2024-02-02T17:29:10.000Z,26200,,,259300,365,come find us london,11,mp4
576,51,15,2024-02-01T21:35:46.000Z,1614,@Nonishaaa,,49300,10,poolside  rhode,11,mp4
577,103,36,2024-02-01T18:59:25.000Z,3287,,,59600,22,hi nyc,8,mp4
578,240,44,2024-02-01T18:15:51.000Z,7367,,,93700,31,behind scenes pineapple refresh shoot,34,mp4
579,3638,213,2024-01-31T23:10:17.000Z,59500,,,613100,111,world rhode ft pineapple refresh,0,
580,207,59,2024-01-31T22:03:18.000Z,6815,,,82500,36,come find us la,8,mp4
581,94,20,2024-01-31T21:10:47.000Z,1905,@J.C.,,50800,3,dombrowski pineapple refresh,45,mp4
582,386,75,2024-01-30T20:29:31.000Z,9623,@CATHY,,109900,16,treats tints,62,mp4
583,80,26,2024-01-29T23:25:06.000Z,2132,,,44500,9,pineapple refresh,0,
584,120,18,2024-01-29T20:05:43.000Z,1811,,,34700,20,rise refresh,22,mp4
585,250,32,2024-01-29T18:32:56.000Z,2218,,,51300,30,full rhode routine ft pineapple refresh available rhodeskincom,11,mp4
586,321,52,2024-01-28T21:28:34.000Z,6047,@Elin,,68700,30,slow sundays warn,8,mp4
587,243,61,2024-01-27T22:04:19.000Z,7593,@Hailey,,98900,50,sani peptide lip tint,10,mp4
588,187,26,2024-01-27T20:06:22.000Z,4057,@marianne_fonseca‚Äôs,,94000,37,rhode routine cleanse pineapple refresh hydrate glaze restore brc,38,mp4
589,524,45,2024-01-27T17:06:45.000Z,7941,@Tsutsumi,,95600,47,hoang self care weekend rhode,13,mp4
590,149,70,2024-01-26T22:25:58.000Z,3004,,,57600,41,hit refresh rhodeskincom,8,mp4
591,98,15,2024-01-26T20:41:49.000Z,2486,@livmanni,,51500,31,pineapple refresh  available rhodeskincom,14,mp4
593,160,60,2024-01-25T22:11:46.000Z,3687,,,71400,14,gentle effective formula made rinse day away without leaving skin feeling stripped tight pineapple refresh available rhodeskincom,15,mp4
594,94,34,2024-01-25T20:01:04.000Z,1885,,,52600,19,pineapple refresh available rhodeskincom,73,mp4
595,117,44,2024-01-25T17:49:40.000Z,4543,,,82400,18,ultimate refresh pineapple refresh balm lather cleanser available,9,mp4
596,443,122,2024-01-25T17:04:44.000Z,9328,,,99600,117,first step full rhode routine pineapple refresh new pga daily cleanser arrived available rhodeskincom,45,mp4
597,508,103,2024-01-25T01:44:47.000Z,26000,,,349500,60,rhode work pineapple refresh arrives tomorrrow 9am pt,23,mp4
598,81,21,2024-01-25T00:20:13.000Z,2436,@Nicole,@Nana,48800,14,pineapple refresh first impressions bruner,64,mp4
599,296,62,2024-01-24T20:21:10.000Z,9235,,,179500,96,rhode bath bomb made splash week pineapple refresh arrives tomorrow 9am pt,81,mp4
600,58,21,2024-01-23T23:03:00.000Z,1684,@Ajok,,37800,6,bts daing,16,mp4
601,758,117,2024-01-23T21:33:30.000Z,21700,@hannah,,285700,63,cho pineapple refresh first impressions launching january 25th 9am pt join waitlist rhodeskincom,184,mp4
602,311,71,2024-01-23T19:13:37.000Z,8143,@dylan,,123600,74,pineapple refresh unboxing,13,mp4
603,1065,101,2024-01-23T18:25:49.000Z,15700,,,200400,74,cleanse prep hydrate restore treat,13,mp4
604,199,96,2024-01-23T17:36:01.000Z,9873,,,146700,55,hit refresh new daily cleanser arrives january 25th 9am pt,8,mp4
605,88,27,2024-01-22T22:55:22.000Z,2250,@Ava,,50300,15,skin feels bouncy supple soft hydrated using welsing kitcher new pineapple refresh daily cleanser,26,mp4
607,78,21,2024-01-22T19:21:25.000Z,2180,@Shannon,,45800,22,pineapple refresh unboxing first impressions zhao,51,mp4
608,82,33,2024-01-21T22:49:59.000Z,2516,@Bianca,,55500,6,bts miss may,12,mp4
609,1051,193,2024-01-21T19:46:52.000Z,31300,@Hailey,@Kensington,409500,154,get unready bieber  featuring new pineapple refresh cleanser coming january 25th 9am pt rhodeskincom,234,mp4
610,67,19,2024-01-21T18:53:34.000Z,2332,@Aylen,,64300,23,park pineapple refresh first impressions,42,mp4
611,73,57,2024-01-20T20:50:57.000Z,2870,@Ajok,,87100,16,daing,11,mp4
612,903,251,2024-01-20T19:02:55.000Z,34400,,,467300,141,pineapple refresh lush texture feels like instant vacation melts away makeup impurities gentle natural exfoliation leaves skin petal soft coming january 25th 9am pt join waitlist rhodeskincom,17,mp4
613,52000,4944,2024-01-20T18:05:10.000Z,2000000,,,22500000,4904,rhode bath bomb,35,mp4
614,1007,116,2024-01-20T00:31:32.000Z,12000,@Mia,,212700,125,'s honestly daily go cleanser morning get refreshed supple feeling right skin prep makeup moore pineapple refresh launches january 25th 9am pt,29,mp4
615,161,33,2024-01-19T23:41:58.000Z,2448,@Hailey,,90600,63,bieber,3,mp4
616,147,13,2024-01-19T20:52:25.000Z,2127,@Ida,,75500,11,refreshed zeile,17,mp4
617,135,38,2024-01-19T18:48:27.000Z,2968,,,87000,24,inside pineapple refresh launching january 25th 9am pt join waitlist rhodeskincom,18,mp4
618,413,95,2024-01-19T17:43:21.000Z,10700,@Kayla,,162900,92,unboxing pineapple refresh caputo,137,mp4
619,92,40,2024-01-18T23:04:18.000Z,2813,@Bianca,,87700,14,behind scenes miss february,16,mp4
620,685,93,2024-01-18T20:56:15.000Z,19700,@Hailey,@Candice,330800,124,behind scenes bieber,13,mp4
621,245,70,2024-01-18T18:54:46.000Z,6392,@Ethan,,118900,47,gaskill review pineapple refresh coming january 25th 9am pt join waitlist rhodeskincom,22,mp4
622,157,36,2024-01-18T17:35:53.000Z,4032,,,82000,20,texts hb one really good cleanser 4 years making launching january 25th 9am pt join waitlist rhodeskincom,0,
623,65,46,2024-01-17T23:47:07.000Z,2121,@tianavictoria‚Äôs,,65000,6,first impressions new pineapple refresh cleanser coming january 25th 9am pt join waitlist rhodeskincom,59,mp4
624,184,107,2024-01-17T19:15:35.000Z,4551,,,79900,47,meet new pineapple refresh cleanser see january 25th 9am pt rhodeskincom,14,mp4
625,701,358,2024-01-17T17:02:12.000Z,23700,,,239700,194,cleanser waiting introducing pineapple refresh new pga daily cleanser,18,mp4
626,127,34,2024-01-16T23:30:52.000Z,3417,@sam,,67000,21,puts new rhode cleanser test info coming soon,122,mp4
628,288,100,2024-01-16T17:38:06.000Z,9072,,,115900,56,tomorrow,11,mp4
630,804,89,2024-01-14T21:28:28.000Z,20300,,,243600,55,rhode silent reviews,33,mp4
631,33,8,2024-01-14T17:58:51.000Z,1114,@Karen,,39100,4,oluwatomilayo olla rhode routine ‚Äì glaze brc lip treat,13,mp4
632,117,27,2024-01-14T17:06:23.000Z,2664,@kehaulani,,52200,15,sanares ‚Äò essential hydration layers,10,mp4
633,76,41,2024-01-13T21:16:46.000Z,1961,,,46200,10,glazing milk instant glow day hydration,12,mp4
634,36,19,2024-01-13T18:53:49.000Z,1039,@eman,,31500,6,new rhode cleanser stay tuned info come soon,78,mp4
635,137,38,2024-01-13T17:13:17.000Z,4171,@Raisya,,53200,12,summer january ft rhode kit,6,mp4
636,2351,608,2024-01-12T21:53:13.000Z,80000,,,1100000,200,cleansing hb,124,mp4
637,86,30,2024-01-12T21:04:05.000Z,2637,@Kayla,,57100,26,cleanser first impressions caputo,128,mp4
638,236,23,2024-01-12T20:04:02.000Z,5223,,,56100,15,first week 2024 hb,0,
639,72,44,2024-01-12T02:07:31.000Z,2164,@Henna,,52600,18,ali cleanser review stay tuned info coming soon,110,mp4
640,269,191,2024-01-11T19:21:42.000Z,7186,@Thu,,117000,161,rhode testing panel | career advice first impressions new cleanser coming soon,85,mp4
641,261,146,2024-01-11T17:06:17.000Z,7350,@Izabel,,81000,54,ooo ottoni rhode,18,mp4
642,377,98,2024-01-10T21:31:26.000Z,9592,@Hailey,,187500,54,bieber 2024 mindset self care intention,40,mp4
643,57,23,2024-01-10T20:20:28.000Z,1353,,,34800,8,rhode reviews,0,
644,891,52,2024-01-10T17:03:56.000Z,18300,,,133200,32,slow mornings rhode,0,
645,158,40,2024-01-09T22:37:08.000Z,5141,,,71800,51,bathe barrier,5,mp4
646,120,19,2024-01-09T21:28:46.000Z,1935,@nayha‚Äôs,,40900,4,go lip combo lip treat plump glossy finish,34,mp4
647,164,34,2024-01-09T17:13:33.000Z,3583,,,42500,25,rhode holiday,0,
648,189,33,2024-01-08T20:48:01.000Z,3744,@naomigenes‚ú®,,88500,19,uses glazing milk glaze go duo prep soothe hydrate skin leaving instant luminous sheen,34,mp4
649,356,65,2024-01-08T18:41:01.000Z,6936,,,101600,55,rhode layers,15,mp4
650,140,63,2024-01-08T17:16:58.000Z,3423,,,40100,22,january mood,10,mp4
651,97,53,2024-01-07T20:07:50.000Z,2307,,,45400,50,lip treat,9,mp4
652,124,20,2024-01-07T19:20:13.000Z,3021,@thefasteddy,,45200,3,finishing touches lip treat,9,mp4
653,92,18,2024-01-07T17:01:40.000Z,2441,,,57100,27,brc love,9,mp4
654,57,31,2024-01-06T22:59:55.000Z,2379,@maya,,38400,9,multitasking essentials using glaze brc,27,mp4
655,264,47,2024-01-06T19:57:27.000Z,8160,,,83200,19,begin end day rhode,0,
656,432,28,2024-01-06T17:02:36.000Z,4978,,,61100,41,skin feeling new year good time check skin find go essentials keep barrier balanced hydrated glowing,0,
657,150,23,2024-01-05T22:32:47.000Z,2103,@Shannon,,50600,14,perfect makeup prep step glazing milk rhodeskincom zhao,29,mp4
658,101,15,2024-01-05T17:41:27.000Z,2789,@Matilda,,40000,4,winter far djerf rhode,0,
659,1554,73,2024-01-04T21:15:57.000Z,23700,@dylan‚Äôs,,200100,53,go essentials ft lip treat,0,
660,663,46,2024-01-04T19:07:48.000Z,6088,,,86000,46,essential skincare layers,0,
661,102,13,2024-01-04T17:04:03.000Z,2215,@Ava‚Äôs,,41300,9,rhode trick mix glazing milk liquid bronzing drops glowy hydrated makeup base,29,mp4
662,108,34,2024-01-03T20:52:33.000Z,3648,,,52100,14,like burst hydration luminous dewy glow,13,mp4
663,50,15,2024-01-03T19:13:15.000Z,2039,,,33900,7,winter glow ft rhode,19,mp4
664,106,37,2024-01-03T17:02:14.000Z,2261,,,33000,16,daily hydration essentials rhodeskincom,5,mp4
665,67,31,2024-01-02T18:21:41.000Z,1584,@ori,,34900,6,rhode kit available rhodeskincom,15,mp4
666,299,76,2024-01-01T18:55:17.000Z,5746,,,68200,31,new year new routine rhodeskincom,0,
667,168,77,2024-01-01T17:27:32.000Z,5430,,,65500,29,fresh start,21,mp4
